"","name","call_ball","bc_ball","bc_ball_ratio","call_strike","bc_strike","bc_strike_ratio","total_call","bad_call","bad_call_ratio","bcr_i1","bcr_i2","bcr_i3","bcr_i4","bcr_i5","bcr_i6","bcr_i7","bcr_i8","bcr_i9","bcr_OT","bcr_z1","bcr_z2","bcr_z3","bcr_z4","bcr_z5","bcr_z6","bcr_z7","bcr_z8","bcr_z9","bcr_z11","bcr_z12","bcr_z13","bcr_z14","bcr_FF","bcr_SL","bcr_FT","bcr_CU","bcr_FC","bcr_SI","bcr_CH","bcr_FS","bcr_KC","bcr_EP","bcr_","bcr_KN"
"1","Joe West",1422,88,0.0618846694796062,704,128,0.181818181818182,2126,216,0.101599247412982,0.13302752293578,0.0786026200873362,0.0825242718446602,0.0968992248062016,0.130434782608696,0.102459016393443,0.102564102564103,0.127049180327869,0.0666666666666667,0.0491803278688525,0.303571428571429,0.174603174603175,0.347826086956522,0,0,0.0227272727272727,0.166666666666667,0.137254901960784,0.17,0.0561056105610561,0.104347826086957,0.112676056338028,0.0818815331010453,0.107482993197279,0.0909090909090909,0.131818181818182,0.103092783505155,0.0618556701030928,0.0979381443298969,0.1,0,0.122448979591837,NA,NA,NA
"2","Gerry Davis",1488,108,0.0725806451612903,702,123,0.175213675213675,2190,231,0.105479452054795,0.113879003558719,0.111607142857143,0.129032258064516,0.0714285714285714,0.0977777777777778,0.0947368421052632,0.0922330097087379,0.118773946360153,0.153005464480874,0.0333333333333333,0.194029850746269,0.109090909090909,0.271186440677966,0.0694444444444444,0,0.043956043956044,0.186046511627907,0.229166666666667,0.295454545454545,0.0759162303664921,0.0579710144927536,0.105978260869565,0.0817610062893082,0.122559652928416,0.0783783783783784,0.105769230769231,0.101321585903084,0.0980392156862745,0.116666666666667,0.078125,0,0.133333333333333,NA,0.333333333333333,0.105263157894737
"3","Gary Cederstrom",1486,79,0.0531628532974428,728,132,0.181318681318681,2214,211,0.0953026196928636,0.0843373493975904,0.092511013215859,0.0966542750929368,0.111524163568773,0.0936329588014981,0.130252100840336,0.094017094017094,0.0756972111553785,0.076530612244898,0.0714285714285714,0.157894736842105,0.222222222222222,0.272727272727273,0.037037037037037,0,0,0.115384615384615,0.166666666666667,0.170940170940171,0.0621301775147929,0.0728744939271255,0.114973262032086,0.0862068965517241,0.106043329532497,0.069164265129683,0.101190476190476,0.0867924528301887,0.113333333333333,0.137142857142857,0.0582010582010582,0.0740740740740741,0,NA,NA,NA
"4","Brian Gorman",885,46,0.0519774011299435,424,82,0.193396226415094,1309,128,0.0977845683728037,0.118343195266272,0.0619469026548673,0.121621621621622,0.0952380952380952,0.121794871794872,0.0564516129032258,0.062015503875969,0.112781954887218,0.0840336134453782,0.0869565217391304,0.176470588235294,0.05,0.233333333333333,0.0181818181818182,0,0.0512820512820513,0.185185185185185,0.0701754385964912,0.238095238095238,0.0956175298804781,0.0814814814814815,0.121457489878543,0.0590277777777778,0.111295681063123,0.0773809523809524,0.0776699029126214,0.087719298245614,0.0684931506849315,0.112903225806452,0.0916030534351145,0.0769230769230769,0.107142857142857,0.5,NA,NA
"5","Bill Miller",1221,44,0.036036036036036,675,116,0.171851851851852,1896,160,0.0843881856540084,0.0714285714285714,0.0639269406392694,0.0909090909090909,0.1,0.101449275362319,0.107476635514019,0.0818181818181818,0.066079295154185,0.0782122905027933,NA,0.0476190476190476,0.0576923076923077,0.13953488372093,0,0,0.0735294117647059,0.0675675675675676,0.0909090909090909,0.16304347826087,0.0570469798657718,0.104477611940299,0.1484375,0.0743494423791822,0.0965909090909091,0.0647668393782383,0.128048780487805,0.0393258426966292,0.142857142857143,0.0909090909090909,0.0758620689655172,0.0434782608695652,0,NA,NA,NA
"6","Sam Holbrook",1271,72,0.0566483084185681,602,111,0.184385382059801,1873,183,0.0977042178323545,0.12280701754386,0.10126582278481,0.096234309623431,0.110552763819095,0.0778443113772455,0.112068965517241,0.0656565656565657,0.100418410041841,0.0746268656716418,NA,0.262295081967213,0.175,0.173913043478261,0,0,0.0428571428571429,0.175438596491228,0.121621621621622,0.223529411764706,0.0978260869565217,0.0694444444444444,0.0950920245398773,0.0772357723577236,0.110169491525424,0.0829875518672199,0.075,0.0884955752212389,0.125,0.0769230769230769,0.088785046728972,0.25,0.0714285714285714,0,0,NA
"7","Ted Barrett",1109,58,0.0522993688007214,614,137,0.223127035830619,1723,195,0.113174695298897,0.102040816326531,0.130044843049327,0.11214953271028,0.139303482587065,0.118421052631579,0.133757961783439,0.0880503144654088,0.0780487804878049,0.114285714285714,NA,0.205128205128205,0.0769230769230769,0.238095238095238,0.0161290322580645,0.0142857142857143,0.0350877192982456,0.128571428571429,0.148648648648649,0.158536585365854,0.118367346938776,0.0847457627118644,0.137931034482759,0.107655502392345,0.139372822299652,0.0891472868217054,0.105691056910569,0.0986547085201794,0.0882352941176471,0.12962962962963,0.0903614457831325,0.125,0,0,0.333333333333333,NA
"8","Mike Everitt",1372,75,0.05466472303207,714,115,0.161064425770308,2086,190,0.0910834132310642,0.0876288659793814,0.112299465240642,0.1,0.0897435897435897,0.0848214285714286,0.0973451327433628,0.0707964601769911,0.0606060606060606,0.115183246073298,0.0833333333333333,0.280701754385965,0.164179104477612,0.290322580645161,0.0757575757575758,0,0.0235294117647059,0.120481927710843,0.0895522388059701,0.0693069306930693,0.0344827586206897,0.0843881856540084,0.0917159763313609,0.0987202925045704,0.099273607748184,0.0754189944134078,0.118811881188119,0.0882352941176471,0.0561797752808989,0.0849673202614379,0.086734693877551,0.0967741935483871,0,NA,1,NA
"9","Tom Hallion",795,46,0.0578616352201258,383,73,0.190600522193211,1178,119,0.101018675721562,0.082089552238806,0.119402985074627,0.1,0.0833333333333333,0.0875,0.107438016528926,0.0932203389830508,0.108333333333333,0.147368421052632,NA,0.307692307692308,0.0588235294117647,0.291666666666667,0.0425531914893617,0,0.0681818181818182,0.147058823529412,0.0769230769230769,0.272727272727273,0.0769230769230769,0.112903225806452,0.149700598802395,0.0557275541795666,0.11264367816092,0.0943396226415094,0.11965811965812,0.0980392156862745,0.0212765957446809,0.0882352941176471,0.0808823529411765,0.2,0.181818181818182,NA,NA,NA
"10","Jerry Meals",1496,96,0.0641711229946524,778,133,0.170951156812339,2274,229,0.100703605980651,0.0947867298578199,0.0894308943089431,0.118320610687023,0.113725490196078,0.0969162995594714,0.0900900900900901,0.105263157894737,0.0823045267489712,0.11063829787234,0.2,0.376811594202899,0.130434782608696,0.418181818181818,0.0506329113924051,0,0.0119047619047619,0.119565217391304,0.0275229357798165,0.188034188034188,0.058641975308642,0.0614035087719298,0.107769423558897,0.0979381443298969,0.12200956937799,0.0766550522648084,0.0725388601036269,0.0863636363636364,0.0979020979020979,0.127586206896552,0.0616113744075829,0.0487804878048781,0.113207547169811,NA,NA,NA
"11","Dana DeMuth",1485,112,0.0754208754208754,608,85,0.139802631578947,2093,197,0.0941232680363115,0.112903225806452,0.0849056603773585,0.0936170212765957,0.087962962962963,0.08,0.105263157894737,0.0884615384615385,0.0987654320987654,0.0754716981132075,0.357142857142857,0.235294117647059,0.2,0.340425531914894,0.1125,0,0.0757575757575758,0.205128205128205,0.116279069767442,0.292452830188679,0.0512820512820513,0.0416666666666667,0.0830945558739255,0.0535055350553506,0.0873239436619718,0.0994764397905759,0.120331950207469,0.0909090909090909,0.0707070707070707,0.123762376237624,0.0531914893617021,0.0555555555555556,0.129032258064516,NA,0.5,NA
"12","Larry Vanover",1208,73,0.0604304635761589,577,71,0.123050259965338,1785,144,0.080672268907563,0.0769230769230769,0.0660377358490566,0.0509803921568627,0.0943396226415094,0.0717703349282297,0.147058823529412,0.0971428571428571,0.0635838150289017,0.0661157024793388,0,0.309090909090909,0.108695652173913,0.181818181818182,0.0428571428571429,0,0.0375,0.262295081967213,0.072289156626506,0.202702702702703,0.0688405797101449,0.0711297071129707,0.0839416058394161,0.0287769784172662,0.0761346998535871,0.0649350649350649,0.0942408376963351,0.0855263157894737,0.0581395348837209,0.122950819672131,0.0855614973262032,0,0.104166666666667,NA,NA,NA
"13","Fieldin Culbreth",1220,87,0.0713114754098361,589,100,0.169779286926995,1809,187,0.103372028745163,0.0963302752293578,0.142857142857143,0.113744075829384,0.0977011494252874,0.125,0.0691489361702128,0.120192307692308,0.0837209302325581,0.0842105263157895,0.0952380952380952,0.26530612244898,0.102040816326531,0.2,0.0754716981132075,0,0.104477611940299,0.123456790123457,0.180722891566265,0.266666666666667,0.0861423220973783,0.0769230769230769,0.121951219512195,0.0433734939759036,0.0936106983655275,0.120253164556962,0.114035087719298,0.0909090909090909,0.12396694214876,0.115384615384615,0.0742857142857143,0.0625,0.142857142857143,NA,NA,NA
"14","Mike Winters",1199,83,0.0692243536280234,578,101,0.174740484429066,1777,184,0.103545301069218,0.115384615384615,0.111627906976744,0.113300492610837,0.106796116504854,0.11304347826087,0.106280193236715,0.0560747663551402,0.105263157894737,0.105882352941176,NA,0.321428571428571,0.25,0.229166666666667,0.0757575757575758,0,0.0597014925373134,0.178082191780822,0.111111111111111,0.149425287356322,0.029520295202952,0.128755364806867,0.0654545454545455,0.102739726027397,0.116504854368932,0.0877862595419847,0.118279569892473,0.106382978723404,0.0823529411764706,0.141361256544503,0.0473372781065089,0,0.0754716981132075,NA,NA,NA
"15","Jeff Kellogg",1409,75,0.0532292405961675,633,109,0.17219589257504,2042,184,0.0901077375122429,0.0443548387096774,0.110599078341014,0.0995260663507109,0.0779816513761468,0.0789473684210526,0.117408906882591,0.0995670995670996,0.0721153846153846,0.0989010989010989,0.133333333333333,0.3125,0.22,0.270833333333333,0.0333333333333333,0,0.0326086956521739,0.136986301369863,0.130952380952381,0.114942528735632,0.0535117056856187,0.0988593155893536,0.0900900900900901,0.0675182481751825,0.104060913705584,0.0709876543209877,0.121359223300971,0.0784313725490196,0.108527131782946,0.076530612244898,0.0751445086705202,0,0,NA,NA,NA
"16","Marvin Hudson",1452,80,0.0550964187327824,712,121,0.169943820224719,2164,201,0.0928835489833641,0.0846774193548387,0.103305785123967,0.0950413223140496,0.0987124463519313,0.0754716981132075,0.111111111111111,0.0810810810810811,0.0989010989010989,0.083743842364532,0.111111111111111,0.262295081967213,0.239130434782609,0.283018867924528,0.0163934426229508,0,0.0568181818181818,0.108695652173913,0.0842105263157895,0.125,0.0527859237536657,0.0974576271186441,0.0909090909090909,0.0852173913043478,0.110070257611241,0.0716180371352785,0.08125,0.0857142857142857,0.105263157894737,0.0886075949367089,0.0666666666666667,NA,0.112903225806452,NA,NA,NA
"17","Alfonso Marquez",1379,105,0.0761421319796954,636,84,0.132075471698113,2015,189,0.0937965260545906,0.0833333333333333,0.11284046692607,0.079295154185022,0.0909090909090909,0.102803738317757,0.101941747572816,0.0666666666666667,0.0952380952380952,0.1,0.0666666666666667,0.327272727272727,0.307692307692308,0.380952380952381,0.0149253731343284,0,0.0444444444444444,0.138888888888889,0.22093023255814,0.142857142857143,0.0482315112540193,0.0772357723577236,0.0873493975903614,0.0447761194029851,0.0975,0.0780141843971631,0.141732283464567,0.0655021834061135,0.119402985074627,0.121212121212121,0.0328947368421053,0.08,0.151515151515152,NA,0,NA
"18","Lance Barksdale",1109,58,0.0522993688007214,564,90,0.159574468085106,1673,148,0.0884638374178123,0.106060606060606,0.074468085106383,0.0729166666666667,0.0893854748603352,0.0736842105263158,0.0894736842105263,0.118055555555556,0.0882352941176471,0.0833333333333333,0.133333333333333,0.256410256410256,0.08,0.266666666666667,0.0294117647058824,0,0.0921052631578947,0.123076923076923,0.0746268656716418,0.144578313253012,0.0613026819923372,0.0566037735849057,0.130718954248366,0.0602409638554217,0.104529616724739,0.111864406779661,0.087719298245614,0.0522875816993464,0.1375,0.065,0.0414201183431953,0.0645161290322581,0.0714285714285714,NA,0,NA
"19","Bill Welke",1337,75,0.056095736724009,670,128,0.191044776119403,2007,203,0.101145989038366,0.0619834710743802,0.115,0.0995850622406639,0.105990783410138,0.0913705583756345,0.120171673819742,0.092741935483871,0.0934579439252336,0.12,0.142857142857143,0.245614035087719,0.125,0.25,0.0379746835443038,0,0.024390243902439,0.119402985074627,0.106666666666667,0.242105263157895,0.093167701863354,0.0867579908675799,0.106508875739645,0.0841487279843444,0.115236875800256,0.0773993808049536,0.0979381443298969,0.0706521739130435,0.0855263157894737,0.102272727272727,0.126086956521739,0.181818181818182,0.0476190476190476,0.5,NA,NA
"20","Dan Iassogna",1386,94,0.0678210678210678,677,117,0.172821270310192,2063,211,0.102278235579254,0.100840336134454,0.0933333333333333,0.125,0.125541125541126,0.0912863070539419,0.0946502057613169,0.0892018779342723,0.0952380952380952,0.102150537634409,0.1,0.166666666666667,0.155555555555556,0.396825396825397,0.0172413793103448,0,0.0769230769230769,0.114942528735632,0.0810810810810811,0.254545454545455,0.0737463126843658,0.0603448275862069,0.137931034482759,0.0655105973025048,0.119448698315467,0.0747663551401869,0.130434782608696,0.081447963800905,0.0818181818181818,0.0819672131147541,0.108490566037736,0,0.145161290322581,NA,0,NA
"21","Greg Gibson",741,62,0.0836707152496626,343,50,0.145772594752187,1084,112,0.103321033210332,0.134328358208955,0.0245901639344262,0.159663865546218,0.0957446808510638,0.125984251968504,0.0789473684210526,0.12280701754386,0.115384615384615,0.0692307692307692,NA,0.407407407407407,0.285714285714286,0.352941176470588,0,0,0.06,0.16,0.128205128205128,0.309090909090909,0.0613496932515337,0.0518518518518519,0.116564417177914,0.0522388059701493,0.106435643564356,0.0898876404494382,0.151162790697674,0.116279069767442,0.131147540983607,0.0649350649350649,0.10377358490566,0,0.032258064516129,NA,NA,NA
"22","Angel Hernandez",1468,82,0.055858310626703,710,116,0.163380281690141,2178,198,0.0909090909090909,0.0909090909090909,0.0776255707762557,0.103174603174603,0.106194690265487,0.101694915254237,0.0900473933649289,0.109004739336493,0.0861423220973783,0.0520231213872832,0,0.285714285714286,0.142857142857143,0.142857142857143,0.051948051948052,0,0.0649350649350649,0.141414141414141,0.115044247787611,0.186666666666667,0.0769230769230769,0.105058365758755,0.0909090909090909,0.0506329113924051,0.098927294398093,0.102325581395349,0.07981220657277,0.0947867298578199,0.139784946236559,0.0526315789473684,0.0516431924882629,0.0757575757575758,0,NA,0,NA
"23","John Tumpane",992,50,0.0504032258064516,452,62,0.13716814159292,1444,112,0.0775623268698061,0.0918367346938776,0.0853658536585366,0.108108108108108,0.0847457627118644,0.0402298850574713,0.0670391061452514,0.0666666666666667,0.0970149253731343,0.0738255033557047,0.0666666666666667,0.368421052631579,0.115384615384615,0.194444444444444,0.0666666666666667,0,0.0307692307692308,0.0769230769230769,0.0819672131147541,0.164383561643836,0.0537190082644628,0.0578034682080925,0.0785123966942149,0.0576368876080692,0.083969465648855,0.0443548387096774,0.0784313725490196,0.110236220472441,0.0943396226415094,0.105633802816901,0.0486111111111111,0,0.1,NA,NA,NA
"24","Adrian Johnson",1345,75,0.0557620817843866,674,145,0.21513353115727,2019,220,0.108964834076275,0.111607142857143,0.118811881188119,0.115702479338843,0.0863636363636364,0.116,0.0933333333333333,0.112612612612613,0.113445378151261,0.118343195266272,0,0.227272727272727,0.0943396226415094,0.326923076923077,0,0,0,0.152777777777778,0.0675675675675676,0.189655172413793,0.118032786885246,0.0794979079497908,0.13262599469496,0.0809716599190283,0.117197452229299,0.0964187327823691,0.120418848167539,0.126315789473684,0.0942028985507246,0.0747663551401869,0.12,0,0.0833333333333333,NA,0,NA
"25","Brian Knight",1036,63,0.0608108108108108,544,124,0.227941176470588,1580,187,0.118354430379747,0.170886075949367,0.109195402298851,0.117647058823529,0.116161616161616,0.136645962732919,0.0963855421686747,0.103960396039604,0.105263157894737,0.125,0.0769230769230769,0.307692307692308,0.0526315789473684,0.153846153846154,0.0434782608695652,0,0.0447761194029851,0.166666666666667,0.0882352941176471,0.273809523809524,0.0980392156862745,0.128712871287129,0.140562248995984,0.0971867007672634,0.128482972136223,0.0817120622568093,0.18705035971223,0.0880503144654088,0.127659574468085,0.120879120879121,0.104294478527607,0.153846153846154,0.0555555555555556,NA,NA,NA
"26","Phil Cuzzi",1264,59,0.0466772151898734,696,117,0.168103448275862,1960,176,0.0897959183673469,0.0718232044198895,0.0901287553648069,0.0717299578059072,0.104477611940299,0.0888888888888889,0.102941176470588,0.111627906976744,0.0692640692640693,0.0940594059405941,0.157894736842105,0.193548387096774,0.0862068965517241,0.235294117647059,0.0506329113924051,0,0.0447761194029851,0.0864197530864197,0.0422535211267606,0.12037037037037,0.0555555555555556,0.115577889447236,0.0947712418300654,0.0926275992438563,0.0963687150837989,0.0493506493506494,0.135746606334842,0.11965811965812,0.0808080808080808,0.128378378378378,0.0192307692307692,0.162162162162162,0.241379310344828,NA,NA,NA
"27","Ed Hickox",1385,91,0.0657039711191336,680,147,0.216176470588235,2065,238,0.115254237288136,0.111111111111111,0.0945945945945946,0.109947643979058,0.126582278481013,0.111553784860558,0.104545454545455,0.148148148148148,0.0973451327433628,0.160714285714286,0.0476190476190476,0.327868852459016,0.26,0.38,0.0769230769230769,0,0.0625,0.134328358208955,0,0.189473684210526,0.0892307692307692,0.0897435897435897,0.138036809815951,0.0935251798561151,0.118556701030928,0.125,0.128834355828221,0.0662251655629139,0.125,0.105882352941176,0.120603015075377,0.212121212121212,0.0597014925373134,NA,0.2,NA
"28","Ron Kulpa",1128,66,0.0585106382978723,582,104,0.178694158075601,1710,170,0.0994152046783626,0.151041666666667,0.0446428571428571,0.114754098360656,0.1,0.099009900990099,0.0714285714285714,0.107317073170732,0.121546961325967,0.1,0.0689655172413793,0.326530612244898,0.0952380952380952,0.292682926829268,0.0886075949367089,0,0.0133333333333333,0.119402985074627,0.0357142857142857,0.216216216216216,0.0546075085324232,0.0847457627118644,0.123711340206186,0.091358024691358,0.106990014265335,0.104918032786885,0.128,0.0909090909090909,0.127272727272727,0.0948275862068965,0.0575539568345324,0,0.0526315789473684,NA,0.1,NA
"29","Dan Bellino",1549,81,0.05229180116204,754,117,0.155172413793103,2303,198,0.0859748154580981,0.122743682310469,0.0864661654135338,0.0824372759856631,0.0595744680851064,0.0836501901140684,0.105454545454545,0.0615384615384615,0.0979591836734694,0.0526315789473684,0.0833333333333333,0.25,0.175438596491228,0.303571428571429,0.0222222222222222,0,0,0.181818181818182,0.0674157303370786,0.125,0.0571428571428571,0.0954063604240283,0.0604534005037783,0.0828828828828829,0.0890957446808511,0.0606741573033708,0.0875,0.0826446280991736,0.0638297872340425,0.124600638977636,0.0790697674418605,0.145833333333333,0.0294117647058824,NA,NA,NA
"30","Brian O'Nora",1364,100,0.0733137829912024,733,120,0.163710777626194,2097,220,0.104911778731521,0.112970711297071,0.114754098360656,0.0969162995594714,0.084070796460177,0.106870229007634,0.0912863070539419,0.0950226244343891,0.0922330097087379,0.14792899408284,0.103448275862069,0.413333333333333,0.25,0.377358490566038,0,0,0.0540540540540541,0.105882352941176,0.0392156862745098,0.166666666666667,0.0510510510510511,0.102564102564103,0.100946372239748,0.094,0.117647058823529,0.0868167202572347,0.116959064327485,0.0921052631578947,0.0916666666666667,0.153846153846154,0.0612244897959184,0.0666666666666667,0.0707070707070707,NA,0,NA
"31","Tripp Gibson",1283,56,0.0436477007014809,649,112,0.172573189522342,1932,168,0.0869565217391304,0.117117117117117,0.0730593607305936,0.0566801619433198,0.0882352941176471,0.0679611650485437,0.118918918918919,0.0841121495327103,0.0930232558139535,0.0909090909090909,NA,0.163934426229508,0.0930232558139535,0.176470588235294,0.0461538461538462,0,0.0128205128205128,0.078125,0.132530120481928,0.147727272727273,0.0650406504065041,0.0546448087431694,0.117460317460317,0.086864406779661,0.101231190150479,0.0608365019011407,0.0930232558139535,0.050561797752809,0.0598290598290598,0.124401913875598,0.0628019323671498,0.0833333333333333,0.121621621621622,NA,NA,NA
"32","Tim Timmons",1212,79,0.0651815181518152,612,107,0.17483660130719,1824,186,0.101973684210526,0.0995670995670996,0.161137440758294,0.0698924731182796,0.112903225806452,0.0952380952380952,0.076555023923445,0.126126126126126,0.1,0.0604026845637584,NA,0.210526315789474,0.104166666666667,0.232558139534884,0.0166666666666667,0,0.116279069767442,0.191780821917808,0.141176470588235,0.197368421052632,0.0707395498392283,0.0772946859903382,0.13166144200627,0.0669975186104218,0.101408450704225,0.0971223021582734,0.146666666666667,0.0806451612903226,0.0952380952380952,0.153374233128834,0.0595238095238095,0,0.104477611940299,NA,NA,NA
"33","Paul Nauert",1139,79,0.0693590869183494,574,113,0.196864111498258,1713,192,0.112084063047285,0.101449275362319,0.0898203592814371,0.132075471698113,0.112359550561798,0.118918918918919,0.12280701754386,0.12037037037037,0.08,0.103448275862069,0.153846153846154,0.240740740740741,0.243243243243243,0.375,0,0,0.0704225352112676,0.111111111111111,0.0933333333333333,0.256410256410256,0.102990033222591,0.0533333333333333,0.155172413793103,0.0671296296296296,0.138508371385084,0.0679611650485437,0.120481927710843,0.0845070422535211,0.148760330578512,0.137254901960784,0.0797101449275362,0.0882352941176471,0.0454545454545455,NA,NA,NA
"34","Doug Eddings",1135,55,0.0484581497797357,597,97,0.162479061976549,1732,152,0.0877598152424942,0.0728744939271255,0.0837988826815642,0.106060606060606,0.0512820512820513,0.0845771144278607,0.0824742268041237,0.115183246073298,0.119047619047619,0.0641025641025641,NA,0.225,0.09375,0.117647058823529,0.0192307692307692,0,0.0344827586206897,0.107692307692308,0.027027027027027,0.227722772277228,0.0839416058394161,0.122727272727273,0.0763888888888889,0.0632911392405063,0.0907738095238095,0.1,0.08,0.0778443113772455,0.166666666666667,0.0689655172413793,0.05625,0,0.130434782608696,NA,0,NA
"35","Chris Guccione",1383,82,0.059291395516992,676,103,0.152366863905325,2059,185,0.0898494414764449,0.0882352941176471,0.0972222222222222,0.0728155339805825,0.113725490196078,0.111111111111111,0.091703056768559,0.0786026200873362,0.115740740740741,0.0463576158940397,0,0.404255319148936,0.216216216216216,0.26530612244898,0.0298507462686567,0,0.051948051948052,0.142857142857143,0.102040816326531,0.125,0.0364372469635627,0.12156862745098,0.069164265129683,0.0702702702702703,0.0968622100954979,0.0731707317073171,0.120481927710843,0.0838323353293413,0.126126126126126,0.101010101010101,0.0526315789473684,0.1,0.0571428571428571,NA,NA,NA
"36","Jim Wolf",1412,67,0.0474504249291785,753,121,0.160690571049137,2165,188,0.0868360277136259,0.0809716599190283,0.0808823529411765,0.0711111111111111,0.0739130434782609,0.107438016528926,0.112970711297071,0.0720720720720721,0.0873015873015873,0.103658536585366,0.0909090909090909,0.162162162162162,0.115384615384615,0.181818181818182,0.010752688172043,0,0.0384615384615385,0.162790697674419,0.021505376344086,0.246913580246914,0.0796915167095116,0.0506912442396313,0.115151515151515,0.0773584905660377,0.100401606425703,0.0641399416909621,0.0935672514619883,0.0948275862068965,0.0866141732283465,0.0704225352112676,0.0865384615384615,0.0588235294117647,0.0666666666666667,NA,0.166666666666667,NA
"37","CB Bucknor",1315,70,0.0532319391634981,691,133,0.192474674384949,2006,203,0.101196410767697,0.0912863070539419,0.110552763819095,0.0904255319148936,0.0882352941176471,0.109375,0.126315789473684,0.0944206008583691,0.0968992248062016,0.107142857142857,0,0.222222222222222,0.174603174603175,0.157894736842105,0.0821917808219178,0,0.0487804878048781,0.158730158730159,0.0666666666666667,0.154639175257732,0.0764331210191083,0.15234375,0.0974025974025974,0.08,0.107904642409034,0.105442176870748,0.0638297872340425,0.1003861003861,0.0973451327433628,0.120253164556962,0.0913461538461538,0.111111111111111,0.0416666666666667,NA,0,NA
"38","Lance Barrett",1294,48,0.0370942812982998,628,128,0.203821656050955,1922,176,0.0915712799167534,0.128571428571429,0.0912863070539419,0.0883534136546185,0.130434782608696,0.0931372549019608,0.0488888888888889,0.0743801652892562,0.0561797752808989,0.120481927710843,NA,0.224137931034483,0.0810810810810811,0.173913043478261,0.0727272727272727,0,0.0375,0.123076923076923,0.038961038961039,0.0779220779220779,0.0471976401179941,0.0923076923076923,0.144736842105263,0.0932835820895522,0.106995884773663,0.0524691358024691,0.0809248554913295,0.0663265306122449,0.0846153846153846,0.173076923076923,0.0855614973262032,0.114285714285714,0.113636363636364,NA,NA,NA
"39","Pat Hoberg",1159,52,0.0448662640207075,591,71,0.120135363790186,1750,123,0.0702857142857143,0.0864197530864197,0.0887573964497041,0.0842696629213483,0.0568720379146919,0.0670391061452514,0.0662650602409639,0.0537634408602151,0.0786026200873362,0.0467836257309941,0.0555555555555556,0.25531914893617,0.137254901960784,0.148936170212766,0.0298507462686567,0,0.0158730158730159,0.0898876404494382,0.102564102564103,0.0933333333333333,0.040590405904059,0.0969387755102041,0.0427631578947368,0.0687960687960688,0.0755555555555556,0.0608108108108108,0.0446428571428571,0.0628571428571429,0.0879120879120879,0.10752688172043,0.0484848484848485,0,0.08,0,0,NA
"40","David Rackley",1234,72,0.0583468395461912,608,113,0.185855263157895,1842,185,0.10043431053203,0.0990566037735849,0.11731843575419,0.107806691449814,0.0845070422535211,0.087719298245614,0.100877192982456,0.125,0.104166666666667,0.0730337078651685,NA,0.296296296296296,0.119047619047619,0.34,0.0289855072463768,0,0.0461538461538462,0.0704225352112676,0.0958904109589041,0.209876543209877,0.0924657534246575,0.0705394190871369,0.107266435986159,0.0838852097130243,0.114401076716016,0.0839160839160839,0.128571428571429,0.121951219512195,0.096551724137931,0.0886075949367089,0.0448717948717949,0.0476190476190476,0.0689655172413793,NA,NA,NA
"41","Nic Lentz",1483,72,0.0485502360080917,700,97,0.138571428571429,2183,169,0.0774163994502978,0.0851851851851852,0.0599250936329588,0.0864197530864197,0.0877862595419847,0.0694444444444444,0.0627306273062731,0.0950226244343891,0.0653846153846154,0.092485549132948,NA,0.25,0.0847457627118644,0.22,0,0,0.0481927710843374,0.137254901960784,0.0808080808080808,0.152941176470588,0.046070460704607,0.069204152249135,0.081151832460733,0.061965811965812,0.090689238210399,0.0599455040871935,0.0677966101694915,0.0815217391304348,0.031496062992126,0.116959064327485,0.0694444444444444,0.0285714285714286,0.05,NA,NA,NA
"42","James Hoye",1384,100,0.0722543352601156,687,96,0.139737991266376,2071,196,0.0946402704007726,0.0893617021276596,0.116883116883117,0.108108108108108,0.129770992366412,0.0896860986547085,0.0714285714285714,0.109704641350211,0.0657894736842105,0.0607734806629834,NA,0.3125,0.146341463414634,0.354166666666667,0.0941176470588235,0,0.0843373493975904,0.171717171717172,0.0813953488372093,0.169811320754717,0.0526315789473684,0.0548523206751055,0.0977011494252874,0.0666666666666667,0.100508905852417,0.0764119601328904,0.0820512820512821,0.115207373271889,0.113636363636364,0.103448275862069,0.093167701863354,0.0357142857142857,0.0217391304347826,NA,0,NA
"43","Chad Whitson",1379,80,0.0580130529369108,699,120,0.171673819742489,2078,200,0.0962463907603465,0.112781954887218,0.113636363636364,0.0769230769230769,0.0811965811965812,0.0688073394495413,0.132530120481928,0.100436681222707,0.0789473684210526,0.105882352941176,0.0625,0.451612903225806,0.192307692307692,0.212765957446809,0.0294117647058824,0,0.0212765957446809,0.144578313253012,0.0416666666666667,0.125,0.0427046263345196,0.0772357723577236,0.0889487870619946,0.107485604606526,0.112801013941698,0.101851851851852,0.0824175824175824,0.0930232558139535,0.0759493670886076,0.0894736842105263,0.0451612903225806,0.129032258064516,0.0416666666666667,NA,NA,NA
"44","Eric Cooper",1395,63,0.0451612903225806,719,112,0.1557719054242,2114,175,0.0827814569536424,0.099601593625498,0.0921052631578947,0.11353711790393,0.105726872246696,0.0655021834061135,0.0723404255319149,0.0700934579439252,0.0780487804878049,0.0652173913043478,0.0454545454545455,0.272727272727273,0.107142857142857,0.212765957446809,0.0571428571428571,0,0.0256410256410256,0.0470588235294118,0.0459770114942529,0.165137614678899,0.06,0.101626016260163,0.0944444444444444,0.0650557620817844,0.097813578826237,0.0676923076923077,0.0748663101604278,0.0738636363636364,0.0736842105263158,0.0677966101694915,0.0648648648648649,0.0576923076923077,0.102803738317757,NA,NA,NA
"45","Quinn Wolcott",1379,61,0.0442349528643945,696,132,0.189655172413793,2075,193,0.0930120481927711,0.0772200772200772,0.0901639344262295,0.0925925925925926,0.110169491525424,0.0995670995670996,0.0738916256157636,0.0991379310344828,0.106194690265487,0.0903225806451613,0.0714285714285714,0.23728813559322,0.08,0.259259259259259,0.0128205128205128,0,0.0126582278481013,0.123076923076923,0.051948051948052,0.151515151515152,0.0736543909348442,0.125628140703518,0.118598382749326,0.0702087286527514,0.103351955307263,0.0906921241050119,0.0796019900497512,0.0903225806451613,0.0619469026548673,0.0849056603773585,0.110552763819095,0.0606060606060606,0.0740740740740741,NA,NA,NA
"46","Marty Foster",1243,64,0.0514883346741754,658,115,0.174772036474164,1901,179,0.0941609679116255,0.0703517587939698,0.0894736842105263,0.106481481481481,0.0969387755102041,0.058252427184466,0.105022831050228,0.108108108108108,0.0817307692307692,0.111801242236025,0.25,0.160714285714286,0.0851063829787234,0.203703703703704,0.0273972602739726,0,0.0549450549450549,0.119402985074627,0.171428571428571,0.128712871287129,0.08,0.108527131782946,0.0871080139372822,0.0843881856540084,0.0974930362116992,0.0933852140077821,0.0588235294117647,0.0663265306122449,0.114285714285714,0.16751269035533,0.0707070707070707,0.0526315789473684,0.0273972602739726,NA,0,NA
"47","Todd Tichenor",1258,62,0.0492845786963434,615,97,0.157723577235772,1873,159,0.0848905499199146,0.126696832579186,0.087378640776699,0.0531400966183575,0.0531400966183575,0.107476635514019,0.0943396226415094,0.0969387755102041,0.0528455284552846,0.0975609756097561,NA,0.145454545454545,0.138888888888889,0.216216216216216,0.0410958904109589,0,0.0144927536231884,0.231884057971014,0.105263157894737,0.142857142857143,0.0652920962199313,0.062780269058296,0.0676923076923077,0.092511013215859,0.117732558139535,0.0637755102040816,0.0918918918918919,0.0629370629370629,0.072463768115942,0.0476190476190476,0.0485436893203883,0,0.108108108108108,NA,NA,0.25
"48","Ramon De Jesus",1214,66,0.0543657331136738,634,99,0.15615141955836,1848,165,0.0892857142857143,0.0961538461538462,0.0929203539823009,0.110576923076923,0.111627906976744,0.054726368159204,0.0632183908045977,0.0852017937219731,0.0985221674876847,0.0842105263157895,NA,0.222222222222222,0.145833333333333,0.263157894736842,0.0140845070422535,0,0.12,0.134146341463415,0.0449438202247191,0.144578313253012,0.0586319218241042,0.0666666666666667,0.110429447852761,0.0767326732673267,0.0995850622406639,0.10801393728223,0.108490566037736,0.0729166666666667,0.0555555555555556,0.0357142857142857,0.0470588235294118,0.0625,0.0784313725490196,NA,0.6,NA
"49","Rob Drake",1067,57,0.0534208059981256,549,109,0.198542805100182,1616,166,0.102722772277228,0.110132158590308,0.0899470899470899,0.142131979695431,0.117283950617284,0.0862944162436548,0.0958083832335329,0.0987654320987654,0.102564102564103,0.0923076923076923,0,0.239130434782609,0.166666666666667,0.333333333333333,0,0,0.0571428571428571,0.111111111111111,0.0350877192982456,0.164179104477612,0.0817843866171004,0.0952380952380952,0.174603174603175,0.0611246943765281,0.118380062305296,0.0784313725490196,0.138613861386139,0.0942028985507246,0.140625,0.0904255319148936,0.0642857142857143,0.0476190476190476,0.114754098360656,NA,0,NA
"50","Carlos Torres",1165,87,0.0746781115879828,543,94,0.173112338858195,1708,181,0.105971896955504,0.109243697478992,0.105820105820106,0.0819672131147541,0.142156862745098,0.0742857142857143,0.113300492610837,0.0985221674876847,0.121019108280255,0.102564102564103,NA,0.3,0.162790697674419,0.368421052631579,0.0689655172413793,0,0.0161290322580645,0.202898550724638,0.158730158730159,0.24,0.0905511811023622,0.0772946859903382,0.0670926517571885,0.085427135678392,0.124475524475524,0.096551724137931,0.145833333333333,0.049079754601227,0.108433734939759,0.127659574468085,0.0473372781065089,0,0.15,NA,0,NA
"51","Manny Gonzalez",1005,63,0.0626865671641791,468,59,0.126068376068376,1473,122,0.0828241683638832,0.0782122905027933,0.104651162790698,0.0804597701149425,0.062015503875969,0.0779220779220779,0.0869565217391304,0.0848484848484849,0.0529100529100529,0.125984251968504,NA,0.257142857142857,0.25531914893617,0.363636363636364,0.0754716981132075,0,0.125,0.0222222222222222,0.0172413793103448,0.205128205128205,0.0427350427350427,0.0790960451977401,0.0669642857142857,0.0546448087431694,0.0807899461400359,0.0752212389380531,0.148148148148148,0.0681818181818182,0.134615384615385,0.0854700854700855,0.0476190476190476,0,0.0540540540540541,NA,NA,NA
"52","Andy Fletcher",1164,70,0.0601374570446735,582,136,0.233676975945017,1746,206,0.117983963344788,0.134615384615385,0.104395604395604,0.15979381443299,0.164893617021277,0.125714285714286,0.0952380952380952,0.0851063829787234,0.0826086956521739,0.129032258064516,NA,0.282608695652174,0.163265306122449,0.352941176470588,0,0,0.0701754385964912,0.126984126984127,0.104477611940299,0.171428571428571,0.0976430976430976,0.076530612244898,0.152439024390244,0.102689486552567,0.129958960328317,0.1,0.146551724137931,0.0995475113122172,0.126126126126126,0.12621359223301,0.0979020979020979,0.0588235294117647,0.111111111111111,NA,NA,NA
"53","Chris Conroy",1143,59,0.0516185476815398,596,80,0.134228187919463,1739,139,0.0799309948246118,0.0565217391304348,0.0869565217391304,0.0756756756756757,0.117073170731707,0.0631578947368421,0.0673076923076923,0.127659574468085,0.0631067961165049,0.0629370629370629,NA,0.254901960784314,0.0789473684210526,0.111111111111111,0.0192307692307692,0,0.0149253731343284,0.108108108108108,0.148148148148148,0.164948453608247,0.054421768707483,0.0769230769230769,0.0636704119850187,0.0783847980997625,0.0669642857142857,0.0704225352112676,0.096551724137931,0.0795454545454545,0.1,0.1375,0.064327485380117,0.1,0.0975609756097561,NA,NA,NA
"54","Vic Carapazza",995,47,0.0472361809045226,482,82,0.170124481327801,1477,129,0.0873392010832769,0.0819672131147541,0.0441176470588235,0.121951219512195,0.0848484848484849,0.106060606060606,0.0529411764705882,0.093167701863354,0.116129032258065,0.12,0.0491803278688525,0.194444444444444,0.25,0.216216216216216,0.0204081632653061,0,0.0192307692307692,0.127272727272727,0.0454545454545455,0.151515151515152,0.100418410041841,0.0641025641025641,0.072289156626506,0.077720207253886,0.0780911062906725,0.0833333333333333,0.096969696969697,0.0655737704918033,0.0896551724137931,0.103225806451613,0.0928571428571429,0.166666666666667,0.161290322580645,NA,NA,NA
"55","Kerwin Danley",1092,52,0.0476190476190476,585,115,0.196581196581197,1677,167,0.099582587954681,0.1,0.0829268292682927,0.0909090909090909,0.0824175824175824,0.126436781609195,0.0773809523809524,0.103960396039604,0.0810810810810811,0.139072847682119,0.285714285714286,0.192307692307692,0,0.395348837209302,0,0,0.0327868852459016,0.107692307692308,0.0634920634920635,0.142857142857143,0.130769230769231,0.111111111111111,0.128787878787879,0.0566037735849057,0.105504587155963,0.102362204724409,0.130718954248366,0.0844444444444444,0.0747663551401869,0.136363636363636,0.0718562874251497,0,0.0625,NA,NA,NA
"56","Gabe Morales",1109,50,0.0450856627592426,586,101,0.172354948805461,1695,151,0.0890855457227139,0.0552486187845304,0.105263157894737,0.114583333333333,0.117948717948718,0.107843137254902,0.0722222222222222,0.085972850678733,0.0573248407643312,0.0705128205128205,NA,0.204545454545455,0.15,0.0967741935483871,0.0149253731343284,0,0.0125,0.150684931506849,0.04,0.207792207792208,0.0793650793650794,0.125581395348837,0.0880281690140845,0.0709046454767726,0.0929133858267717,0.084,0.11304347826087,0.0697674418604651,0.120481927710843,0.105555555555556,0.0815217391304348,0,0.0454545454545455,NA,0,NA
"57","Mark Wegner",1255,87,0.0693227091633466,645,92,0.142635658914729,1900,179,0.0942105263157895,0.142857142857143,0.062200956937799,0.1,0.1,0.0736842105263158,0.0785123966942149,0.126923076923077,0.08,0.0714285714285714,NA,0.476190476190476,0.0983606557377049,0.296296296296296,0.0649350649350649,0,0.051948051948052,0.168831168831169,0.144736842105263,0.136363636363636,0.0590277777777778,0.111675126903553,0.058641975308642,0.0753880266075388,0.106534090909091,0.0673854447439353,0.0854700854700855,0.089622641509434,0.129310344827586,0.106060606060606,0.0833333333333333,0,0.075,0,NA,NA
"58","Jeff Nelson",1163,56,0.0481513327601032,557,107,0.192100538599641,1720,163,0.0947674418604651,0.108108108108108,0.0923076923076923,0.109289617486339,0.09375,0.103626943005181,0.101941747572816,0.077720207253886,0.0727272727272727,0.0843373493975904,NA,0.282608695652174,0.0909090909090909,0.147058823529412,0.0408163265306122,0,0.0298507462686567,0.15625,0.16,0.104651162790698,0.0458333333333333,0.132947976878613,0.0736842105263158,0.10077519379845,0.0939334637964775,0.100840336134454,0.137755102040816,0.0841584158415842,0.10958904109589,0.111524163568773,0.049079754601227,0,0.0294117647058824,NA,NA,NA
"59","Sean Barber",1189,52,0.0437342304457527,586,94,0.160409556313993,1775,146,0.0822535211267606,0.110576923076923,0.0820512820512821,0.0824175824175824,0.0721649484536082,0.0833333333333333,0.0994475138121547,0.0599078341013825,0.0580357142857143,0.102739726027397,0.0833333333333333,0.169491525423729,0.0540540540540541,0.169811320754717,0.0163934426229508,0,0.046875,0.107142857142857,0.0945945945945946,0.177215189873418,0.0786516853932584,0.0904761904761905,0.0911949685534591,0.0573394495412844,0.0910384068278805,0.0898203592814371,0.0818181818181818,0.0546875,0.0827067669172932,0.0844155844155844,0.0405405405405405,0.0909090909090909,0.0588235294117647,NA,0.25,NA
"60","Stu Scheurwater",1110,62,0.0558558558558559,543,74,0.136279926335175,1653,136,0.0822746521476104,0.0736842105263158,0.0918367346938776,0.0988372093023256,0.0748663101604278,0.0569948186528497,0.0777777777777778,0.108433734939759,0.0765027322404372,0.0860215053763441,NA,0.186046511627907,0.2,0.175,0.0350877192982456,0,0.1375,0.104477611940299,0.0985915492957746,0.151898734177215,0.0347490347490347,0.0931372549019608,0.088,0.058679706601467,0.0987654320987654,0.056140350877193,0.0782608695652174,0.0551181102362205,0.0792079207920792,0.13013698630137,0.0540540540540541,0,0.032258064516129,NA,0,0.2
"61","Mike Estabrook",1351,53,0.0392301998519615,665,130,0.195488721804511,2016,183,0.0907738095238095,0.0886075949367089,0.0848214285714286,0.0700934579439252,0.103448275862069,0.11734693877551,0.0735294117647059,0.107142857142857,0.102127659574468,0.0748663101604278,0.0740740740740741,0.195652173913043,0.06,0.148936170212766,0,0,0.0147058823529412,0.125,0.134020618556701,0.128205128205128,0.0671140939597315,0.118110236220472,0.0698254364089776,0.109473684210526,0.109422492401216,0.0621761658031088,0.116751269035533,0.0943396226415094,0.0763358778625954,0.0588235294117647,0.102150537634409,0,0.142857142857143,NA,NA,NA
"62","Jansen Visconti",1114,41,0.0368043087971275,524,56,0.106870229007634,1638,97,0.0592185592185592,0.0251256281407035,0.0842105263157895,0.0489130434782609,0.0520231213872832,0.0543478260869565,0.065359477124183,0.0611111111111111,0.0632183908045977,0.0884353741496599,0.0476190476190476,0.204081632653061,0.0810810810810811,0.212121212121212,0.0563380281690141,0,0.0204081632653061,0.0303030303030303,0.072463768115942,0.118421052631579,0.0371747211895911,0.0636942675159236,0.0653846153846154,0.0428893905191874,0.0690846286701209,0.0606060606060606,0.0890052356020942,0.0376344086021505,0.0660377358490566,0.0657894736842105,0.0178571428571429,0,0.0166666666666667,NA,NA,NA
"63","Scott Barry",829,60,0.0723763570566948,383,61,0.159268929503916,1212,121,0.0998349834983498,0.0882352941176471,0.12781954887218,0.101449275362319,0.0677966101694915,0.072463768115942,0.094488188976378,0.116788321167883,0.108333333333333,0.107142857142857,0.125,0.333333333333333,0.235294117647059,0.259259259259259,0,0,0.0188679245283019,0.19047619047619,0.175438596491228,0.266666666666667,0.0673575129533679,0.124183006535948,0.07,0.0528169014084507,0.114967462039046,0.0829694323144105,0.144230769230769,0.0588235294117647,0.0588235294117647,0.164179104477612,0.0746268656716418,0.0833333333333333,0.0555555555555556,NA,NA,NA
"64","Jerry Layne",445,26,0.0584269662921348,224,40,0.178571428571429,669,66,0.0986547085201794,0.0714285714285714,0.0909090909090909,0.102272727272727,0.0631578947368421,0.132530120481928,0.0684931506849315,0.119402985074627,0.166666666666667,0.0943396226415094,NA,0.375,0.444444444444444,0.230769230769231,0.08,0,0.129032258064516,0.0384615384615385,0.0645161290322581,0.1,0.0337078651685393,0.12987012987013,0.122222222222222,0.0788177339901478,0.113207547169811,0.0803571428571429,0.121212121212121,0.0512820512820513,0.181818181818182,0.10752688172043,0.0666666666666667,0,0,NA,NA,NA
"65","Paul Emmel",1452,99,0.0681818181818182,690,113,0.163768115942029,2142,212,0.0989729225023343,0.0871559633027523,0.0949152542372881,0.10546875,0.0983606557377049,0.116379310344828,0.107438016528926,0.0942622950819672,0.0912863070539419,0.0941176470588235,NA,0.366666666666667,0.137931034482759,0.274509803921569,0.0285714285714286,0,0.051948051948052,0.10752688172043,0.128712871287129,0.268041237113402,0.0714285714285714,0.0807174887892377,0.0952380952380952,0.0683012259194396,0.127475247524752,0.0748663101604278,0.122529644268775,0.0683760683760684,0.094017094017094,0.0769230769230769,0.0414201183431953,0.0666666666666667,0.128205128205128,NA,0,NA
"66","Adam Hamari",1179,48,0.0407124681933842,622,143,0.229903536977492,1801,191,0.106052193225986,0.107142857142857,0.105263157894737,0.115,0.122994652406417,0.127659574468085,0.100371747211896,0.124423963133641,0.0958904109589041,0.0258620689655172,NA,0.173076923076923,0.0967741935483871,0.177777777777778,0,0,0.0273972602739726,0.136363636363636,0.0657894736842105,0.137931034482759,0.0915492957746479,0.164948453608247,0.0830564784053156,0.121212121212121,0.119935170178282,0.0870967741935484,0.120833333333333,0.0723684210526316,0.145038167938931,0.0854700854700855,0.0871794871794872,0.0476190476190476,0.166666666666667,NA,NA,NA
"67","Chris Segal",929,38,0.0409041980624327,452,64,0.141592920353982,1381,102,0.0738595220854453,0.0833333333333333,0.0857142857142857,0.089171974522293,0.0792682926829268,0.0632911392405063,0.0555555555555556,0.06875,0.0466666666666667,0.0802919708029197,0.2,0.162162162162162,0.178571428571429,0.133333333333333,0.0212765957446809,0.027027027027027,0.0714285714285714,0.101694915254237,0.0576923076923077,0.1,0.0497737556561086,0.0709677419354839,0.0729613733905579,0.0722543352601156,0.0760869565217391,0.0694444444444444,0.0898203592814371,0.073394495412844,0.0824742268041237,0.10752688172043,0.027972027972028,0.166666666666667,0,NA,0,NA
"68","Jim Reynolds",985,58,0.0588832487309645,490,81,0.16530612244898,1475,139,0.0942372881355932,0.0542168674698795,0.0824175824175824,0.111111111111111,0.136690647482014,0.120805369127517,0.101796407185629,0.103260869565217,0.087431693989071,0.0573770491803279,0.0666666666666667,0.232558139534884,0.142857142857143,0.236842105263158,0.0181818181818182,0,0.0491803278688525,0.145161290322581,0.136363636363636,0.214285714285714,0.08984375,0.0606060606060606,0.099236641221374,0.0676923076923077,0.0814558058925477,0.124378109452736,0.117021276595745,0.0842105263157895,0.114583333333333,0.114093959731544,0.0694444444444444,0.075,0.0886075949367089,NA,NA,NA
"69","Hunter Wendelstedt",1572,93,0.0591603053435115,750,127,0.169333333333333,2322,220,0.0947459086993971,0.119402985074627,0.0779816513761468,0.112781954887218,0.103846153846154,0.102439024390244,0.094488188976378,0.0928270042194093,0.103202846975089,0.0721153846153846,0.0303030303030303,0.24,0.173076923076923,0.395833333333333,0.021505376344086,0,0.0348837209302326,0.131868131868132,0.0526315789473684,0.233644859813084,0.0838150289017341,0.0807017543859649,0.09366391184573,0.0669934640522876,0.104838709677419,0.0900383141762452,0.133858267716535,0.0461538461538462,0.121212121212121,0.112781954887218,0.0443349753694581,0.0714285714285714,0.0606060606060606,NA,0,NA
"70","Mike Muchlinski",1161,59,0.0508182601205857,533,79,0.148217636022514,1694,138,0.0814639905548996,0.083743842364532,0.0927835051546392,0.0837696335078534,0.0602409638554217,0.0898876404494382,0.0596026490066225,0.0918367346938776,0.0880829015544041,0.0736196319018405,0.125,0.291666666666667,0.128205128205128,0.206896551724138,0,0,0.0555555555555556,0.0909090909090909,0.115384615384615,0.192771084337349,0.0469314079422383,0.0869565217391304,0.0779661016949153,0.0635294117647059,0.0799418604651163,0.0891089108910891,0.0529100529100529,0.0862068965517241,0.0579710144927536,0.123456790123457,0.095,0,0.12,NA,NA,NA
"71","Bruce Dreckman",1253,80,0.0638467677573823,634,109,0.17192429022082,1887,189,0.100158982511924,0.079295154185022,0.100917431192661,0.0975609756097561,0.121621621621622,0.111111111111111,0.112068965517241,0.0864864864864865,0.0944206008583691,0.094017094017094,NA,0.289855072463768,0.214285714285714,0.285714285714286,0.0363636363636364,0,0.0289855072463768,0.120879120879121,0.0512820512820513,0.186915887850467,0.0769230769230769,0.130044843049327,0.0756578947368421,0.0747474747474747,0.106631989596879,0.0759493670886076,0.109090909090909,0.116666666666667,0.0909090909090909,0.1256038647343,0.0797101449275362,0.0263157894736842,0.0975609756097561,NA,NA,NA
"72","D.J. Reyburn",1299,74,0.0569668976135489,564,84,0.148936170212766,1863,158,0.0848094471282877,0.119047619047619,0.0825242718446602,0.109375,0.0776255707762557,0.0764705882352941,0.0703517587939698,0.0697674418604651,0.0930232558139535,0.053921568627451,0.0857142857142857,0.358490566037736,0.162162162162162,0.203703703703704,0.0142857142857143,0,0.111111111111111,0.15,0.072463768115942,0.181818181818182,0.0421052631578947,0.0642570281124498,0.0918918918918919,0.054320987654321,0.0961538461538462,0.0807692307692308,0.0642857142857143,0.0723684210526316,0.0763888888888889,0.0897435897435897,0.0763052208835341,0.166666666666667,0.037037037037037,1,NA,NA
"73","Jeremie Rehak",1227,68,0.0554197229013855,595,88,0.147899159663866,1822,156,0.0856201975850713,0.114457831325301,0.0691244239631336,0.110576923076923,0.0935960591133005,0.0645161290322581,0.0857142857142857,0.0913461538461538,0.065843621399177,0.0853658536585366,0.0952380952380952,0.229508196721311,0.113636363636364,0.285714285714286,0.0294117647058824,0,0.0142857142857143,0.158730158730159,0.121951219512195,0.125,0.0547445255474453,0.050761421319797,0.10062893081761,0.0676855895196507,0.0906432748538012,0.0855018587360595,0.119047619047619,0.0324675324675325,0.0748299319727891,0.111111111111111,0.0878378378378378,0.0476190476190476,0.0588235294117647,NA,0,NA
"74","Jordan Baker",1308,64,0.0489296636085627,653,94,0.143950995405819,1961,158,0.0805711371749108,0.0833333333333333,0.0818181818181818,0.0954545454545455,0.0663716814159292,0.0933333333333333,0.0594059405940594,0.0756302521008403,0.08,0.0914634146341463,NA,0.125,0.0980392156862745,0.241379310344828,0.032967032967033,0,0.0149253731343284,0.177215189873418,0.121212121212121,0.115384615384615,0.0538922155688623,0.150684931506849,0.053125,0.0559139784946237,0.0817438692098093,0.0871080139372822,0.087431693989071,0.0598290598290598,0.0652173913043478,0.125,0.055,0,0.0555555555555556,NA,NA,NA
"75","Ben May",405,17,0.0419753086419753,196,36,0.183673469387755,601,53,0.0881863560732113,0.111111111111111,0.0806451612903226,0.0853658536585366,0.115942028985507,0.12,0.0641025641025641,0.0923076923076923,0.0735294117647059,0.0545454545454545,NA,0,0,0.0833333333333333,0,0,0.0344827586206897,0.153846153846154,0.172413793103448,0.285714285714286,0.0617283950617284,0.132530120481928,0.0571428571428571,0.0903225806451613,0.104477611940299,0.0520833333333333,0.106666666666667,0.0909090909090909,0.028169014084507,0.136363636363636,0.125,0.0769230769230769,0.0555555555555556,NA,NA,NA
"76","Alan Porter",1317,87,0.0660592255125285,603,88,0.145936981757877,1920,175,0.0911458333333333,0.0641711229946524,0.0782122905027933,0.106666666666667,0.0829268292682927,0.13953488372093,0.0987654320987654,0.0923076923076923,0.0651162790697674,0.0810810810810811,0.0975609756097561,0.288135593220339,0.166666666666667,0.296296296296296,0.0135135135135135,0.0138888888888889,0.0416666666666667,0.131578947368421,0.173913043478261,0.238095238095238,0.0318471337579618,0.125,0.0559210526315789,0.0663716814159292,0.0971428571428571,0.0828025477707006,0.091703056768559,0.0930232558139535,0.10077519379845,0.111940298507463,0.0683229813664596,0.0454545454545455,0.0689655172413793,0,NA,NA
"77","Ryan Additon",688,34,0.0494186046511628,365,66,0.180821917808219,1053,100,0.0949667616334283,0.0973451327433628,0.108695652173913,0.0941176470588235,0.0975609756097561,0.0842105263157895,0.0919540229885057,0.0898876404494382,0.0636363636363636,0.146341463414634,0.128205128205128,0.181818181818182,0.0434782608695652,0.258064516129032,0.0344827586206897,0,0.027027027027027,0.0526315789473684,0.0714285714285714,0.211538461538462,0.0869565217391304,0.0693069306930693,0.135416666666667,0.0699588477366255,0.115681233933162,0.0463917525773196,0.105263157894737,0.0697674418604651,0.0769230769230769,0.181818181818182,0.0810810810810811,0,0.159090909090909,NA,NA,NA
"78","Chad Fairchild",1196,67,0.0560200668896321,571,81,0.141856392294221,1767,148,0.0837577815506508,0.101694915254237,0.0952380952380952,0.065,0.0717948717948718,0.0484848484848485,0.0883720930232558,0.100917431192661,0.0875576036866359,0.1,0.0344827586206897,0.361702127659574,0.1,0.130434782608696,0.101449275362319,0,0.0363636363636364,0.17741935483871,0.0694444444444444,0.142857142857143,0.0549450549450549,0.0845771144278607,0.0802469135802469,0.0558252427184466,0.101361573373676,0.0593471810089021,0.114754098360656,0.0794701986754967,0.0520833333333333,0.107913669064748,0.0588235294117647,0.0882352941176471,0.0285714285714286,NA,NA,0
"79","Tony Randazzo",660,39,0.0590909090909091,348,57,0.163793103448276,1008,96,0.0952380952380952,0.079646017699115,0.1,0.0824742268041237,0.0619469026548673,0.0909090909090909,0.122950819672131,0.122448979591837,0.0720720720720721,0.144329896907216,0.037037037037037,0.269230769230769,0.09375,0.28,0.0454545454545455,0,0.0465116279069767,0.138888888888889,0.13953488372093,0.120689655172414,0.0606060606060606,0.0673076923076923,0.087248322147651,0.103846153846154,0.100719424460432,0.0476190476190476,0.0695652173913043,0.138297872340426,0.131578947368421,0.196428571428571,0.0752688172043011,0.153846153846154,0,NA,NA,NA
"80","Mark Ripperger",1454,78,0.0536451169188446,661,101,0.152798789712557,2115,179,0.0846335697399527,0.0905172413793103,0.0881057268722467,0.0864197530864197,0.0779816513761468,0.102941176470588,0.0521327014218009,0.0867924528301887,0.089622641509434,0.0921658986175115,0.0344827586206897,0.26,0.0980392156862745,0.298245614035088,0.027027027027027,0,0.036144578313253,0.116883116883117,0.101449275362319,0.198198198198198,0.0598290598290598,0.062992125984252,0.101796407185629,0.0557620817843866,0.0826901874310915,0.0746666666666667,0.119760479041916,0.0776255707762557,0.0909090909090909,0.0948275862068965,0.0621468926553672,0.25,0.111111111111111,NA,0.5,NA
"81","Nick Mahrley",390,17,0.0435897435897436,203,35,0.172413793103448,593,52,0.0876897133220911,0.0769230769230769,0.09375,0.114285714285714,0.119402985074627,0.0943396226415094,0.0933333333333333,0.0657894736842105,0.0714285714285714,0.05,NA,0.125,0.0909090909090909,0.333333333333333,0.0769230769230769,0,0.0384615384615385,0.115384615384615,0.0434782608695652,0.130434782608696,0.0555555555555556,0.103448275862069,0.15625,0.0547945205479452,0.10077519379845,0.0818181818181818,0.0714285714285714,0.0476190476190476,0.0625,0.130434782608696,0.0666666666666667,NA,0.142857142857143,NA,NA,NA
"82","Will Little",1206,40,0.033167495854063,628,87,0.138535031847134,1834,127,0.069247546346783,0.0607476635514019,0.0575221238938053,0.107692307692308,0.0641711229946524,0.0838323353293413,0.0684931506849315,0.0555555555555556,0.0735930735930736,0.0410958904109589,0.121212121212121,0.185185185185185,0.0930232558139535,0.119402985074627,0.0405405405405405,0,0.05,0.0447761194029851,0.0491803278688525,0.078125,0.0555555555555556,0.0630630630630631,0.0759878419452888,0.0772946859903382,0.0818619582664527,0.059016393442623,0.102739726027397,0.0588235294117647,0.0579710144927536,0.0942028985507246,0.0358974358974359,0,0.0384615384615385,NA,0,NA
"83","Laz Diaz",1199,71,0.0592160133444537,582,135,0.231958762886598,1781,206,0.115665356541269,0.0954545454545455,0.137931034482759,0.0974358974358974,0.0904761904761905,0.13,0.12,0.149425287356322,0.0995024875621891,0.124031007751938,0.166666666666667,0.25531914893617,0.166666666666667,0.285714285714286,0.0175438596491228,0,0.0172413793103448,0.181818181818182,0.114285714285714,0.2125,0.0520446096654275,0.0857142857142857,0.162939297124601,0.110403397027601,0.117455138662316,0.0985507246376812,0.100418410041841,0.100558659217877,0.192982456140351,0.149532710280374,0.0854700854700855,0.184210526315789,0.0740740740740741,NA,0.5,NA
"84","Cory Blaser",866,60,0.069284064665127,411,57,0.138686131386861,1277,117,0.0916209866875489,0.102409638554217,0.0759493670886076,0.101351351351351,0.0902777777777778,0.0993377483443709,0.0675675675675676,0.0921985815602837,0.0948275862068965,0.104761904761905,NA,0.27027027027027,0.225806451612903,0.366666666666667,0.037037037037037,0.0208333333333333,0.0638297872340425,0.153846153846154,0.0892857142857143,0.220338983050847,0.0531914893617021,0.0764331210191083,0.0761904761904762,0.0616883116883117,0.0947368421052632,0.0720720720720721,0.0782608695652174,0.0689655172413793,0.0865384615384615,0.164705882352941,0.102272727272727,0.230769230769231,0.0666666666666667,NA,NA,NA
"85","Mark Carlson",1073,77,0.0717614165890028,494,84,0.17004048582996,1567,161,0.102744097000638,0.104651162790698,0.10377358490566,0.121693121693122,0.103658536585366,0.104651162790698,0.0939226519337017,0.0884353741496599,0.103260869565217,0.110091743119266,0,0.25,0.075,0.27906976744186,0.0625,0,0.108695652173913,0.140350877192982,0.112903225806452,0.318840579710145,0.101626016260163,0.0594594594594595,0.110714285714286,0.046070460704607,0.112377850162866,0.0987654320987654,0.103448275862069,0.160493827160494,0.0813953488372093,0.11377245508982,0.0479041916167665,0.133333333333333,0.102564102564103,NA,0,NA
"86","Ryan Blakney",687,25,0.0363901018922853,379,78,0.205804749340369,1066,103,0.0966228893058161,0.0631578947368421,0.0916666666666667,0.0578512396694215,0.149253731343284,0.111111111111111,0.0763888888888889,0.107438016528926,0.120689655172414,0.075,NA,0.16,0.125,0.0416666666666667,0.0333333333333333,0,0.0285714285714286,0.0625,0.115384615384615,0.113207547169811,0.0738636363636364,0.106796116504854,0.152439024390244,0.0976430976430976,0.108843537414966,0.107317073170732,0.0714285714285714,0.0694444444444444,0.104166666666667,0.107692307692308,0.0865384615384615,0,0.0384615384615385,NA,NA,NA
"87","Roberto Ortiz",853,56,0.0656506447831184,412,64,0.155339805825243,1265,120,0.0948616600790514,0.0993377483443709,0.0802919708029197,0.104838709677419,0.139344262295082,0.0814814814814815,0.112781954887218,0.0838709677419355,0.105263157894737,0.0673076923076923,0.0833333333333333,0.162162162162162,0.142857142857143,0.264705882352941,0.0227272727272727,0,0.0652173913043478,0.294117647058824,0.0784313725490196,0.196969696969697,0.0812182741116751,0.0952380952380952,0.0934065934065934,0.0477707006369427,0.0954653937947494,0.105769230769231,0.0986842105263158,0.0967741935483871,0.133928571428571,0.0740740740740741,0.046875,0.133333333333333,0.0769230769230769,NA,NA,NA
"88","Tom Woodring",201,8,0.0398009950248756,89,12,0.134831460674157,290,20,0.0689655172413793,0.0217391304347826,0.0512820512820513,0.0909090909090909,0.0384615384615385,0.08,0.107142857142857,0.0810810810810811,0.0454545454545455,0.173913043478261,NA,0,0.4,0,0,0,0,0,0.125,0.166666666666667,0.0377358490566038,0.0454545454545455,0.109375,0.0303030303030303,0.0491803278688525,0.0925925925925926,0.0333333333333333,0.2,0,0.0434782608695652,0.0909090909090909,NA,0,NA,1,NA
"89","John Libka",377,11,0.0291777188328912,190,25,0.131578947368421,567,36,0.0634920634920635,0.0615384615384615,0.0963855421686747,0.0217391304347826,0.0632911392405063,0.0508474576271186,0.115384615384615,0.0612244897959184,0.028169014084507,0.027027027027027,NA,0.125,0,0.5,0,0,0.0606060606060606,0,0.0454545454545455,0.0357142857142857,0.0379746835443038,0.0892857142857143,0.0970873786407767,0.0457516339869281,0.0611111111111111,0.06,0.072463768115942,0.027027027027027,0.0952380952380952,0.0810810810810811,0.0384615384615385,NA,0.0769230769230769,NA,NA,NA
