number,ump,serve year,birth year,All-star game,Division Series,League Championship Series,World Series,Wild Card Game,Other Leagues,Umpire School/Camp Instructor (Y/N),Umpire School/Camp Student (Y/N),Marital Status (Y/N),Children,B.S (Y/N),M.S (Y/N),Data source,call_ball,bc_ball,bc_ball_ratio,call_strike,bc_strike,bc_strike_ratio,total_call,bad_call,bad_call_ratio,bcr_i1,bcr_i2,bcr_i3,bcr_i4,bcr_i5,bcr_i6,bcr_i7,bcr_i8,bcr_i9,bcr_OT,bcr_z1,bcr_z2,bcr_z3,bcr_z4,bcr_z5,bcr_z6,bcr_z7,bcr_z8,bcr_z9,bcr_z11,bcr_z12,bcr_z13,bcr_z14,bcr_FF,bcr_SL,bcr_FT,bcr_CU,bcr_FC,bcr_SI,bcr_CH,bcr_FS,bcr_KC,bcr_EP,bcr_,bcr_KN
78,Adam Hamari,4.0,1983,0.0,0.0,0.0,0.0,0.0,8.0,1.0,0.0,1.0,1.0,1.0,1.0,n/a,1179,48,0.0407124681933842,622,143,0.22990353697749202,1801,191,0.10605219322598598,0.107142857142857,0.10526315789473699,0.115,0.12299465240641701,0.127659574468085,0.100371747211896,0.124423963133641,0.0958904109589041,0.0258620689655172,-1.0,0.17307692307692302,0.0967741935483871,0.17777777777777803,0.0,0.0,0.0273972602739726,0.136363636363636,0.0657894736842105,0.137931034482759,0.0915492957746479,0.16494845360824698,0.0830564784053156,0.12121212121212101,0.119935170178282,0.0870967741935484,0.120833333333333,0.0723684210526316,0.145038167938931,0.0854700854700855,0.0871794871794872,0.0476190476190476,0.166666666666667,-1.0,-1.0,-1.0
80,Adrian Johnson,11.0,1975,1.0,1.0,0.0,0.0,0.0,6.0,0.0,0.0,0.0,0.0,0.0,0.0,n/a,1345,75,0.0557620817843866,674,145,0.21513353115727,2019,220,0.10896483407627498,0.111607142857143,0.118811881188119,0.115702479338843,0.0863636363636364,0.11599999999999999,0.0933333333333333,0.11261261261261302,0.113445378151261,0.11834319526627197,0.0,0.22727272727272702,0.0943396226415094,0.326923076923077,0.0,0.0,0.0,0.152777777777778,0.0675675675675676,0.18965517241379298,0.118032786885246,0.0794979079497908,0.13262599469496,0.0809716599190283,0.117197452229299,0.0964187327823691,0.12041884816753899,0.126315789473684,0.0942028985507246,0.0747663551401869,0.12,0.0,0.0833333333333333,-1.0,0.0,-1.0
64,Alan Porter,8.0,1977,1.0,1.0,4.0,0.0,1.0,6.0,0.0,1.0,1.0,2.0,1.0,0.0,n/a,1317,87,0.0660592255125285,603,88,0.14593698175787698,1920,175,0.0911458333333333,0.0641711229946524,0.0782122905027933,0.10666666666666699,0.0829268292682927,0.13953488372093,0.0987654320987654,0.0923076923076923,0.0651162790697674,0.0810810810810811,0.0975609756097561,0.288135593220339,0.166666666666667,0.296296296296296,0.0135135135135135,0.0138888888888889,0.0416666666666667,0.131578947368421,0.17391304347826098,0.23809523809523803,0.0318471337579618,0.125,0.0559210526315789,0.0663716814159292,0.0971428571428571,0.0828025477707006,0.09170305676855901,0.0930232558139535,0.10077519379844999,0.11194029850746302,0.0683229813664596,0.0454545454545455,0.0689655172413793,0.0,-1.0,-1.0
72,Alfonso Marquez,19.5,1972,1.0,7.0,5.0,3.0,1.0,7.0,1.0,1.0,1.0,3.0,0.0,0.0,n/a,1379,105,0.0761421319796954,636,84,0.132075471698113,2015,189,0.0937965260545906,0.0833333333333333,0.11284046692607,0.079295154185022,0.0909090909090909,0.10280373831775699,0.101941747572816,0.0666666666666667,0.0952380952380952,0.1,0.0666666666666667,0.327272727272727,0.307692307692308,0.38095238095238104,0.0149253731343284,0.0,0.0444444444444444,0.138888888888889,0.22093023255814,0.14285714285714302,0.0482315112540193,0.0772357723577236,0.0873493975903614,0.0447761194029851,0.0975,0.0780141843971631,0.14173228346456698,0.0655021834061135,0.11940298507462699,0.12121212121212101,0.0328947368421053,0.08,0.15151515151515196,-1.0,0.0,-1.0
49,Andy Fletcher,19.5,1966,1.0,0.0,0.0,0.0,1.0,7.0,0.0,1.0,1.0,1.0,1.0,0.0,n/a,1164,70,0.0601374570446735,582,136,0.233676975945017,1746,206,0.11798396334478801,0.134615384615385,0.104395604395604,0.15979381443298998,0.16489361702127697,0.125714285714286,0.0952380952380952,0.0851063829787234,0.0826086956521739,0.129032258064516,-1.0,0.282608695652174,0.163265306122449,0.3529411764705879,0.0,0.0,0.0701754385964912,0.126984126984127,0.10447761194029902,0.17142857142857096,0.0976430976430976,0.076530612244898,0.152439024390244,0.10268948655256697,0.129958960328317,0.1,0.146551724137931,0.0995475113122172,0.126126126126126,0.12621359223300999,0.0979020979020979,0.0588235294117647,0.111111111111111,-1.0,-1.0,-1.0
55,Angel Hernandez,26.0,1961,3.0,9.0,7.0,2.0,0.0,5.0,0.0,0.0,1.0,2.0,0.0,0.0,n/a,1468,82,0.055858310626702996,710,116,0.163380281690141,2178,198,0.0909090909090909,0.0909090909090909,0.0776255707762557,0.103174603174603,0.106194690265487,0.101694915254237,0.0900473933649289,0.10900473933649302,0.0861423220973783,0.0520231213872832,0.0,0.28571428571428603,0.14285714285714302,0.14285714285714302,0.051948051948052,0.0,0.0649350649350649,0.141414141414141,0.115044247787611,0.18666666666666698,0.0769230769230769,0.105058365758755,0.0909090909090909,0.0506329113924051,0.098927294398093,0.102325581395349,0.07981220657277,0.0947867298578199,0.139784946236559,0.0526315789473684,0.0516431924882629,0.0757575757575758,0.0,-1.0,0.0,-1.0
97,Ben May,5.0,1982,1.0,0.0,0.0,0.0,0.0,4.0,-1.0,-1.0,-1.0,-1.0,-1.0,-1.0,wikipedia,405,17,0.0419753086419753,196,36,0.18367346938775503,601,53,0.0881863560732113,0.111111111111111,0.0806451612903226,0.0853658536585366,0.11594202898550698,0.12,0.0641025641025641,0.0923076923076923,0.0735294117647059,0.0545454545454545,-1.0,0.0,0.0,0.0833333333333333,0.0,0.0,0.0344827586206897,0.153846153846154,0.172413793103448,0.28571428571428603,0.0617283950617284,0.132530120481928,0.0571428571428571,0.0903225806451613,0.10447761194029902,0.0520833333333333,0.10666666666666699,0.0909090909090909,0.028169014084507005,0.136363636363636,0.125,0.0769230769230769,0.0555555555555556,-1.0,-1.0,-1.0
26,Bill Miller,20.0,1967,1.0,7.0,6.0,3.0,4.0,7.0,1.0,0.0,1.0,0.0,1.0,0.0,n/a,1221,44,0.03603603603603601,675,116,0.17185185185185198,1896,160,0.0843881856540084,0.0714285714285714,0.0639269406392694,0.0909090909090909,0.1,0.101449275362319,0.107476635514019,0.0818181818181818,0.066079295154185,0.0782122905027933,-1.0,0.0476190476190476,0.0576923076923077,0.13953488372093,0.0,0.0,0.0735294117647059,0.0675675675675676,0.0909090909090909,0.16304347826087,0.0570469798657718,0.10447761194029902,0.1484375,0.0743494423791822,0.0965909090909091,0.0647668393782383,0.128048780487805,0.0393258426966292,0.14285714285714302,0.0909090909090909,0.0758620689655172,0.0434782608695652,0.0,-1.0,-1.0,-1.0
3,Bill Welke,19.5,1967,2.0,4.0,3.0,1.0,2.0,6.0,0.0,1.0,1.0,4.0,1.0,0.0,n/a,1337,75,0.056095736724009,670,128,0.19104477611940301,2007,203,0.10114598903836601,0.0619834710743802,0.115,0.0995850622406639,0.105990783410138,0.0913705583756345,0.120171673819742,0.09274193548387101,0.0934579439252336,0.12,0.14285714285714302,0.245614035087719,0.125,0.25,0.0379746835443038,0.0,0.024390243902439,0.11940298507462699,0.10666666666666699,0.242105263157895,0.09316770186335399,0.0867579908675799,0.10650887573964501,0.0841487279843444,0.115236875800256,0.0773993808049536,0.0979381443298969,0.0706521739130435,0.0855263157894737,0.10227272727272699,0.12608695652173899,0.18181818181818202,0.0476190476190476,0.5,-1.0,-1.0
9,Brian Gorman,27.0,1959,2.0,10.0,5.0,3.0,1.0,4.0,1.0,1.0,1.0,0.0,1.0,0.0,n/a,885,46,0.0519774011299435,424,82,0.193396226415094,1309,128,0.0977845683728037,0.11834319526627197,0.0619469026548673,0.121621621621622,0.0952380952380952,0.12179487179487199,0.0564516129032258,0.062015503875969005,0.11278195488721801,0.0840336134453782,0.0869565217391304,0.17647058823529396,0.05,0.23333333333333303,0.0181818181818182,0.0,0.0512820512820513,0.185185185185185,0.0701754385964912,0.23809523809523803,0.0956175298804781,0.0814814814814815,0.12145748987854302,0.0590277777777778,0.11129568106312301,0.0773809523809524,0.0776699029126214,0.087719298245614,0.0684931506849315,0.112903225806452,0.0916030534351145,0.0769230769230769,0.107142857142857,0.5,-1.0,-1.0
91,Brian Knight,10.0,1974,1.0,3.0,0.0,0.0,1.0,5.0,0.0,1.0,0.0,0.0,1.0,0.0,n/a,1036,63,0.0608108108108108,544,124,0.227941176470588,1580,187,0.11835443037974701,0.170886075949367,0.109195402298851,0.11764705882352902,0.116161616161616,0.136645962732919,0.0963855421686747,0.10396039603960401,0.10526315789473699,0.125,0.0769230769230769,0.307692307692308,0.0526315789473684,0.153846153846154,0.0434782608695652,0.0,0.0447761194029851,0.166666666666667,0.0882352941176471,0.273809523809524,0.0980392156862745,0.128712871287129,0.14056224899598402,0.0971867007672634,0.128482972136223,0.0817120622568093,0.18705035971223,0.0880503144654088,0.127659574468085,0.12087912087912099,0.10429447852760698,0.153846153846154,0.0555555555555556,-1.0,-1.0,-1.0
7,Brian O'Nora,22.0,1963,2.0,6.0,1.0,1.0,0.0,8.0,0.0,1.0,1.0,3.0,0.0,0.0,n/a,1364,100,0.0733137829912024,733,120,0.16371077762619402,2097,220,0.104911778731521,0.112970711297071,0.114754098360656,0.0969162995594714,0.08407079646017701,0.106870229007634,0.0912863070539419,0.0950226244343891,0.0922330097087379,0.14792899408284,0.103448275862069,0.4133333333333329,0.25,0.377358490566038,0.0,0.0,0.0540540540540541,0.105882352941176,0.0392156862745098,0.166666666666667,0.0510510510510511,0.102564102564103,0.10094637223974799,0.094,0.11764705882352902,0.0868167202572347,0.116959064327485,0.0921052631578947,0.0916666666666667,0.153846153846154,0.0612244897959184,0.0666666666666667,0.0707070707070707,-1.0,0.0,-1.0
1,Bruce Dreckman,19.5,1970,1.0,4.0,2.0,0.0,0.0,5.0,0.0,0.0,1.0,3.0,0.0,0.0,n/a,1253,80,0.0638467677573823,634,109,0.17192429022082,1887,189,0.100158982511924,0.079295154185022,0.100917431192661,0.0975609756097561,0.121621621621622,0.111111111111111,0.112068965517241,0.0864864864864865,0.0944206008583691,0.094017094017094,-1.0,0.289855072463768,0.214285714285714,0.28571428571428603,0.0363636363636364,0.0,0.0289855072463768,0.12087912087912099,0.0512820512820513,0.18691588785046698,0.0769230769230769,0.130044843049327,0.0756578947368421,0.0747474747474747,0.106631989596879,0.0759493670886076,0.10909090909090899,0.116666666666667,0.0909090909090909,0.1256038647343,0.0797101449275362,0.0263157894736842,0.0975609756097561,-1.0,-1.0,-1.0
37,CB Bucknor,3.0,1973,1.0,5.0,0.0,0.0,1.0,5.0,0.0,0.0,0.0,0.0,1.0,0.0,n/a,1315,70,0.0532319391634981,691,133,0.19247467438494897,2006,203,0.10119641076769699,0.0912863070539419,0.11055276381909501,0.0904255319148936,0.0882352941176471,0.109375,0.126315789473684,0.0944206008583691,0.0968992248062016,0.107142857142857,0.0,0.222222222222222,0.174603174603175,0.157894736842105,0.0821917808219178,0.0,0.0487804878048781,0.158730158730159,0.0666666666666667,0.154639175257732,0.0764331210191083,0.15234375,0.0974025974025974,0.08,0.107904642409034,0.10544217687074801,0.0638297872340425,0.1003861003861,0.0973451327433628,0.12025316455696199,0.0913461538461538,0.111111111111111,0.0416666666666667,-1.0,0.0,-1.0
54,Carlos Torres,20.0,1978,0.0,0.0,0.0,0.0,0.0,8.0,0.0,1.0,0.0,0.0,0.0,0.0,n/a,1165,87,0.0746781115879828,543,94,0.17311233885819502,1708,181,0.10597189695550399,0.10924369747899199,0.10582010582010601,0.0819672131147541,0.14215686274509803,0.0742857142857143,0.113300492610837,0.0985221674876847,0.12101910828025501,0.102564102564103,-1.0,0.3,0.162790697674419,0.368421052631579,0.0689655172413793,0.0,0.0161290322580645,0.202898550724638,0.158730158730159,0.24,0.0905511811023622,0.0772946859903382,0.0670926517571885,0.085427135678392,0.124475524475524,0.096551724137931,0.145833333333333,0.04907975460122701,0.108433734939759,0.127659574468085,0.0473372781065089,0.0,0.15,-1.0,0.0,-1.0
4,Chad Fairchild,11.0,1970,1.0,5.0,0.0,0.0,0.0,8.0,0.0,0.0,0.0,1.0,0.0,0.0,n/a,1196,67,0.0560200668896321,571,81,0.141856392294221,1767,148,0.0837577815506508,0.101694915254237,0.0952380952380952,0.065,0.0717948717948718,0.0484848484848485,0.0883720930232558,0.100917431192661,0.0875576036866359,0.1,0.0344827586206897,0.361702127659574,0.1,0.130434782608696,0.101449275362319,0.0,0.0363636363636364,0.17741935483871,0.0694444444444444,0.14285714285714302,0.0549450549450549,0.0845771144278607,0.0802469135802469,0.0558252427184466,0.101361573373676,0.0593471810089021,0.114754098360656,0.0794701986754967,0.0520833333333333,0.107913669064748,0.0588235294117647,0.0882352941176471,0.0285714285714286,-1.0,-1.0,0.0
62,Chad Whitson,5.0,1981,1.0,0.0,0.0,0.0,0.0,0.0,-1.0,-1.0,-1.0,-1.0,-1.0,-1.0,Baseball cube,1379,80,0.0580130529369108,699,120,0.17167381974248902,2078,200,0.0962463907603465,0.11278195488721801,0.11363636363636401,0.0769230769230769,0.0811965811965812,0.0688073394495413,0.132530120481928,0.10043668122270698,0.0789473684210526,0.105882352941176,0.0625,0.45161290322580605,0.19230769230769199,0.212765957446809,0.0294117647058824,0.0,0.0212765957446809,0.14457831325301201,0.0416666666666667,0.125,0.0427046263345196,0.0772357723577236,0.0889487870619946,0.10748560460652601,0.11280101394169802,0.101851851851852,0.0824175824175824,0.0930232558139535,0.0759493670886076,0.0894736842105263,0.0451612903225806,0.129032258064516,0.0416666666666667,-1.0,-1.0,-1.0
98,Chris Conroy,7.5,1974,2.0,1.0,0.0,0.0,0.0,1.0,-1.0,-1.0,1.0,2.0,-1.0,-1.0,wikipedia,1143,59,0.0516185476815398,596,80,0.134228187919463,1739,139,0.0799309948246118,0.0565217391304348,0.0869565217391304,0.0756756756756757,0.11707317073170699,0.0631578947368421,0.0673076923076923,0.127659574468085,0.0631067961165049,0.0629370629370629,-1.0,0.254901960784314,0.0789473684210526,0.111111111111111,0.0192307692307692,0.0,0.0149253731343284,0.108108108108108,0.148148148148148,0.16494845360824698,0.054421768707483,0.0769230769230769,0.0636704119850187,0.0783847980997625,0.0669642857142857,0.0704225352112676,0.096551724137931,0.0795454545454545,0.1,0.1375,0.06432748538011701,0.1,0.0975609756097561,-1.0,-1.0,-1.0
68,Chris Guccione,12.0,1974,1.0,6.0,3.0,1.0,3.0,5.0,-1.0,-1.0,1.0,-1.0,-1.0,-1.0,wikipedia,1383,82,0.05929139551699201,676,103,0.152366863905325,2059,185,0.0898494414764449,0.0882352941176471,0.0972222222222222,0.0728155339805825,0.11372549019607801,0.111111111111111,0.09170305676855901,0.0786026200873362,0.11574074074074099,0.0463576158940397,0.0,0.40425531914893603,0.216216216216216,0.26530612244898005,0.0298507462686567,0.0,0.051948051948052,0.14285714285714302,0.10204081632653099,0.125,0.0364372469635627,0.12156862745098,0.069164265129683,0.0702702702702703,0.0968622100954979,0.0731707317073171,0.120481927710843,0.0838323353293413,0.126126126126126,0.101010101010101,0.0526315789473684,0.1,0.0571428571428571,-1.0,-1.0,-1.0
96,Chris Segal,5.0,1982,0.0,0.0,0.0,0.0,0.0,7.0,0.0,1.0,-1.0,-1.0,-1.0,-1.0,wikipedia/unitedumpires,929,38,0.0409041980624327,452,64,0.141592920353982,1381,102,0.0738595220854453,0.0833333333333333,0.0857142857142857,0.08917197452229303,0.0792682926829268,0.0632911392405063,0.0555555555555556,0.06875,0.0466666666666667,0.0802919708029197,0.2,0.162162162162162,0.178571428571429,0.133333333333333,0.0212765957446809,0.027027027027027,0.0714285714285714,0.101694915254237,0.0576923076923077,0.1,0.0497737556561086,0.0709677419354839,0.0729613733905579,0.0722543352601156,0.0760869565217391,0.0694444444444444,0.0898203592814371,0.07339449541284401,0.0824742268041237,0.10752688172043,0.027972027972028,0.166666666666667,0.0,-1.0,0.0,-1.0
89,Cory Blaser,7.0,1981,0.0,2.0,0.0,0.0,1.0,10.0,0.0,0.0,1.0,3.0,1.0,0.0,n/a,866,60,0.069284064665127,411,57,0.138686131386861,1277,117,0.0916209866875489,0.10240963855421699,0.0759493670886076,0.101351351351351,0.0902777777777778,0.0993377483443709,0.0675675675675676,0.0921985815602837,0.0948275862068965,0.104761904761905,-1.0,0.27027027027027,0.22580645161290303,0.3666666666666671,0.037037037037037,0.0208333333333333,0.0638297872340425,0.153846153846154,0.0892857142857143,0.22033898305084698,0.0531914893617021,0.0764331210191083,0.0761904761904762,0.0616883116883117,0.0947368421052632,0.0720720720720721,0.0782608695652174,0.0689655172413793,0.0865384615384615,0.164705882352941,0.10227272727272699,0.23076923076923103,0.0666666666666667,-1.0,-1.0,-1.0
17,D.J. Reyburn,7.0,1976,0.0,1.0,0.0,0.0,0.0,7.0,0.0,0.0,1.0,3.0,1.0,0.0,n/a,1299,74,0.0569668976135489,564,84,0.14893617021276598,1863,158,0.0848094471282877,0.11904761904761901,0.0825242718446602,0.109375,0.0776255707762557,0.0764705882352941,0.0703517587939698,0.0697674418604651,0.0930232558139535,0.053921568627451,0.0857142857142857,0.358490566037736,0.162162162162162,0.203703703703704,0.0142857142857143,0.0,0.111111111111111,0.15,0.072463768115942,0.18181818181818202,0.0421052631578947,0.0642570281124498,0.0918918918918919,0.054320987654321,0.0961538461538462,0.0807692307692308,0.0642857142857143,0.0723684210526316,0.0763888888888889,0.0897435897435897,0.0763052208835341,0.166666666666667,0.037037037037037,1.0,-1.0,-1.0
2,Dan Bellino,9.0,1978,1.0,4.0,0.0,0.0,0.0,9.0,0.0,0.0,1.0,4.0,0.0,1.0,n/a,1549,81,0.05229180116204,754,117,0.155172413793103,2303,198,0.0859748154580981,0.122743682310469,0.0864661654135338,0.0824372759856631,0.0595744680851064,0.0836501901140684,0.105454545454545,0.0615384615384615,0.0979591836734694,0.0526315789473684,0.0833333333333333,0.25,0.175438596491228,0.30357142857142894,0.0222222222222222,0.0,0.0,0.18181818181818202,0.0674157303370786,0.125,0.0571428571428571,0.0954063604240283,0.0604534005037783,0.0828828828828829,0.0890957446808511,0.0606741573033708,0.0875,0.0826446280991736,0.0638297872340425,0.124600638977636,0.0790697674418605,0.145833333333333,0.0294117647058824,-1.0,-1.0,-1.0
58,Dan Iassogna,17.0,1969,1.0,6.0,3.0,2.0,2.0,5.0,0.0,0.0,1.0,2.0,1.0,0.0,n/a,1386,94,0.0678210678210678,677,117,0.172821270310192,2063,211,0.10227823557925399,0.100840336134454,0.0933333333333333,0.125,0.12554112554112598,0.0912863070539419,0.0946502057613169,0.0892018779342723,0.0952380952380952,0.102150537634409,0.1,0.166666666666667,0.155555555555556,0.396825396825397,0.0172413793103448,0.0,0.0769230769230769,0.11494252873563199,0.0810810810810811,0.25454545454545496,0.0737463126843658,0.0603448275862069,0.137931034482759,0.0655105973025048,0.11944869831546699,0.0747663551401869,0.130434782608696,0.08144796380090501,0.0818181818181818,0.0819672131147541,0.10849056603773599,0.0,0.145161290322581,-1.0,0.0,-1.0
32,Dana DeMuth,35.0,1956,3.0,11.0,5.0,5.0,0.0,6.0,0.0,0.0,0.0,0.0,0.0,0.0,n/a,1485,112,0.0754208754208754,608,85,0.13980263157894698,2093,197,0.0941232680363115,0.112903225806452,0.0849056603773585,0.0936170212765957,0.087962962962963,0.08,0.10526315789473699,0.0884615384615385,0.0987654320987654,0.0754716981132075,0.3571428571428571,0.23529411764705901,0.2,0.340425531914894,0.1125,0.0,0.0757575757575758,0.20512820512820498,0.116279069767442,0.29245283018867896,0.0512820512820513,0.0416666666666667,0.0830945558739255,0.0535055350553506,0.0873239436619718,0.0994764397905759,0.12033195020746902,0.0909090909090909,0.0707070707070707,0.12376237623762401,0.0531914893617021,0.0555555555555556,0.129032258064516,-1.0,0.5,-1.0
86,David Rackley,6.0,1981,0.0,0.0,0.0,0.0,1.0,1.0,0.0,0.0,1.0,3.0,0.0,0.0,n/a,1234,72,0.0583468395461912,608,113,0.185855263157895,1842,185,0.10043431053203,0.0990566037735849,0.11731843575419,0.10780669144981402,0.0845070422535211,0.087719298245614,0.100877192982456,0.125,0.10416666666666699,0.0730337078651685,-1.0,0.296296296296296,0.11904761904761901,0.34,0.0289855072463768,0.0,0.0461538461538462,0.0704225352112676,0.0958904109589041,0.20987654320987698,0.0924657534246575,0.0705394190871369,0.107266435986159,0.0838852097130243,0.11440107671601599,0.0839160839160839,0.128571428571429,0.12195121951219501,0.096551724137931,0.0886075949367089,0.0448717948717949,0.0476190476190476,0.0689655172413793,-1.0,-1.0,-1.0
88,Doug Eddings,20.0,1968,1.0,2.0,1.0,0.0,1.0,8.0,0.0,1.0,1.0,0.0,1.0,0.0,n/a,1135,55,0.0484581497797357,597,97,0.16247906197654902,1732,152,0.0877598152424942,0.0728744939271255,0.0837988826815642,0.106060606060606,0.0512820512820513,0.0845771144278607,0.0824742268041237,0.11518324607329801,0.11904761904761901,0.0641025641025641,-1.0,0.225,0.09375,0.11764705882352902,0.0192307692307692,0.0,0.0344827586206897,0.10769230769230802,0.027027027027027,0.227722772277228,0.0839416058394161,0.12272727272727302,0.0763888888888889,0.0632911392405063,0.0907738095238095,0.1,0.08,0.0778443113772455,0.166666666666667,0.0689655172413793,0.05625,0.0,0.130434782608696,-1.0,0.0,-1.0
15,Ed Hickox,14.0,1962,1.0,4.0,0.0,0.0,0.0,9.0,1.0,1.0,1.0,2.0,1.0,0.0,n/a,1385,91,0.0657039711191336,680,147,0.216176470588235,2065,238,0.115254237288136,0.111111111111111,0.0945945945945946,0.109947643979058,0.126582278481013,0.111553784860558,0.104545454545455,0.148148148148148,0.0973451327433628,0.160714285714286,0.0476190476190476,0.327868852459016,0.26,0.38,0.0769230769230769,0.0,0.0625,0.134328358208955,0.0,0.18947368421052602,0.0892307692307692,0.0897435897435897,0.13803680981595098,0.0935251798561151,0.11855670103092801,0.125,0.128834355828221,0.0662251655629139,0.125,0.105882352941176,0.120603015075377,0.212121212121212,0.0597014925373134,-1.0,0.2,-1.0
56,Eric Cooper,20.0,1966,1.0,9.0,14.0,1.0,3.0,6.0,0.0,0.0,1.0,2.0,1.0,0.0,n/a,1395,63,0.0451612903225806,719,112,0.15577190542420002,2114,175,0.0827814569536424,0.099601593625498,0.0921052631578947,0.11353711790392998,0.105726872246696,0.0655021834061135,0.0723404255319149,0.0700934579439252,0.0780487804878049,0.0652173913043478,0.0454545454545455,0.272727272727273,0.107142857142857,0.212765957446809,0.0571428571428571,0.0,0.0256410256410256,0.0470588235294118,0.0459770114942529,0.165137614678899,0.06,0.101626016260163,0.0944444444444444,0.0650557620817844,0.09781357882623701,0.0676923076923077,0.0748663101604278,0.0738636363636364,0.0736842105263158,0.0677966101694915,0.0648648648648649,0.0576923076923077,0.10280373831775699,-1.0,-1.0,-1.0
25,Fieldin Culbreth,22.0,1963,1.0,7.0,6.0,2.0,0.0,5.0,0.0,0.0,1.0,3.0,1.0,0.0,n/a,1220,87,0.0713114754098361,589,100,0.16977928692699498,1809,187,0.103372028745163,0.0963302752293578,0.14285714285714302,0.113744075829384,0.0977011494252874,0.125,0.0691489361702128,0.12019230769230801,0.0837209302325581,0.0842105263157895,0.0952380952380952,0.26530612244898005,0.10204081632653099,0.2,0.0754716981132075,0.0,0.10447761194029902,0.12345679012345698,0.180722891566265,0.266666666666667,0.0861423220973783,0.0769230769230769,0.12195121951219501,0.0433734939759036,0.0936106983655275,0.12025316455696199,0.114035087719298,0.0909090909090909,0.12396694214876,0.115384615384615,0.0742857142857143,0.0625,0.14285714285714302,-1.0,-1.0,-1.0
47,Gabe Morales,4.0,1984,0.0,0.0,0.0,0.0,1.0,12.0,1.0,0.0,1.0,0.0,0.0,0.0,n/a,1109,50,0.0450856627592426,586,101,0.172354948805461,1695,151,0.0890855457227139,0.0552486187845304,0.10526315789473699,0.11458333333333301,0.117948717948718,0.107843137254902,0.0722222222222222,0.085972850678733,0.0573248407643312,0.0705128205128205,-1.0,0.20454545454545497,0.15,0.0967741935483871,0.0149253731343284,0.0,0.0125,0.150684931506849,0.04,0.207792207792208,0.0793650793650794,0.12558139534883697,0.0880281690140845,0.0709046454767726,0.0929133858267717,0.084,0.11304347826087,0.0697674418604651,0.120481927710843,0.10555555555555601,0.0815217391304348,0.0,0.0454545454545455,-1.0,0.0,-1.0
38,Gary Cederstrom,25.0,1955,2.0,7.0,7.0,3.0,1.0,1.0,1.0,1.0,1.0,3.0,1.0,0.0,n/a,1486,79,0.0531628532974428,728,132,0.181318681318681,2214,211,0.0953026196928636,0.0843373493975904,0.09251101321585901,0.0966542750929368,0.11152416356877301,0.0936329588014981,0.130252100840336,0.094017094017094,0.0756972111553785,0.076530612244898,0.0714285714285714,0.157894736842105,0.222222222222222,0.272727272727273,0.037037037037037,0.0,0.0,0.115384615384615,0.166666666666667,0.170940170940171,0.0621301775147929,0.0728744939271255,0.114973262032086,0.0862068965517241,0.10604332953249698,0.069164265129683,0.10119047619047598,0.0867924528301887,0.11333333333333301,0.13714285714285698,0.0582010582010582,0.0740740740740741,0.0,-1.0,-1.0,-1.0
12,Gerry Davis,35.0,1994,3.0,13.0,10.0,6.0,2.0,5.0,0.0,1.0,1.0,1.0,0.0,0.0,n/a,1488,108,0.0725806451612903,702,123,0.17521367521367498,2190,231,0.10547945205479499,0.11387900355871901,0.111607142857143,0.129032258064516,0.0714285714285714,0.0977777777777778,0.0947368421052632,0.0922330097087379,0.11877394636015301,0.153005464480874,0.0333333333333333,0.19402985074626897,0.10909090909090899,0.271186440677966,0.0694444444444444,0.0,0.043956043956044,0.18604651162790697,0.229166666666667,0.29545454545454497,0.0759162303664921,0.0579710144927536,0.10597826086956501,0.0817610062893082,0.122559652928416,0.0783783783783784,0.105769230769231,0.101321585903084,0.0980392156862745,0.116666666666667,0.078125,0.0,0.133333333333333,-1.0,0.33333333333333304,0.10526315789473699
53,Greg Gibson,20.0,1968,1.0,9.0,4.0,1.0,2.0,6.0,0.0,0.0,1.0,3.0,1.0,0.0,n/a,741,62,0.0836707152496626,343,50,0.14577259475218698,1084,112,0.10332103321033198,0.134328358208955,0.0245901639344262,0.15966386554621803,0.0957446808510638,0.125984251968504,0.0789473684210526,0.12280701754386,0.115384615384615,0.0692307692307692,-1.0,0.407407407407407,0.28571428571428603,0.3529411764705879,0.0,0.0,0.06,0.16,0.12820512820512803,0.30909090909090897,0.0613496932515337,0.0518518518518519,0.116564417177914,0.0522388059701493,0.106435643564356,0.0898876404494382,0.151162790697674,0.116279069767442,0.13114754098360698,0.0649350649350649,0.10377358490566001,0.0,0.032258064516129,-1.0,-1.0,-1.0
21,Hunter Wendelstedt,20.0,1971,1.0,4.0,4.0,1.0,1.0,8.0,1.0,1.0,1.0,2.0,0.0,0.0,n/a,1572,93,0.0591603053435115,750,127,0.16933333333333303,2322,220,0.0947459086993971,0.11940298507462699,0.0779816513761468,0.11278195488721801,0.103846153846154,0.102439024390244,0.09448818897637801,0.0928270042194093,0.10320284697508901,0.0721153846153846,0.0303030303030303,0.24,0.17307692307692302,0.3958333333333329,0.021505376344086002,0.0,0.0348837209302326,0.13186813186813198,0.0526315789473684,0.23364485981308397,0.0838150289017341,0.0807017543859649,0.09366391184573,0.0669934640522876,0.10483870967741901,0.0900383141762452,0.133858267716535,0.0461538461538462,0.12121212121212101,0.11278195488721801,0.0443349753694581,0.0714285714285714,0.0606060606060606,-1.0,0.0,-1.0
92,James Hoye,11.0,1971,0.0,2.0,0.0,0.0,1.0,5.0,0.0,0.0,1.0,3.0,1.0,0.0,n/a,1384,100,0.0722543352601156,687,96,0.139737991266376,2071,196,0.0946402704007726,0.0893617021276596,0.11688311688311699,0.108108108108108,0.12977099236641199,0.0896860986547085,0.0714285714285714,0.109704641350211,0.0657894736842105,0.0607734806629834,-1.0,0.3125,0.146341463414634,0.3541666666666671,0.0941176470588235,0.0,0.0843373493975904,0.17171717171717202,0.0813953488372093,0.169811320754717,0.0526315789473684,0.0548523206751055,0.0977011494252874,0.0666666666666667,0.100508905852417,0.0764119601328904,0.0820512820512821,0.11520737327188901,0.11363636363636401,0.103448275862069,0.09316770186335399,0.0357142857142857,0.0217391304347826,-1.0,0.0,-1.0
52,Jansen Visconti,1.0,1988,0.0,0.0,0.0,0.0,0.0,6.0,-1.0,1.0,-1.0,-1.0,1.0,0.0,n/a,1114,41,0.0368043087971275,524,56,0.106870229007634,1638,97,0.0592185592185592,0.0251256281407035,0.0842105263157895,0.0489130434782609,0.0520231213872832,0.0543478260869565,0.065359477124183,0.0611111111111111,0.0632183908045977,0.0884353741496599,0.0476190476190476,0.204081632653061,0.0810810810810811,0.212121212121212,0.0563380281690141,0.0,0.0204081632653061,0.0303030303030303,0.072463768115942,0.11842105263157901,0.0371747211895911,0.0636942675159236,0.0653846153846154,0.0428893905191874,0.0690846286701209,0.0606060606060606,0.0890052356020942,0.0376344086021505,0.0660377358490566,0.0657894736842105,0.0178571428571429,0.0,0.0166666666666667,-1.0,-1.0,-1.0
8,Jeff Kellogg,26.5,1961,2.0,8.0,6.0,5.0,1.0,6.0,0.0,0.0,0.0,0.0,1.0,0.0,n/a,1409,75,0.0532292405961675,633,109,0.17219589257504,2042,184,0.0901077375122429,0.0443548387096774,0.11059907834101401,0.0995260663507109,0.0779816513761468,0.0789473684210526,0.11740890688259101,0.0995670995670996,0.0721153846153846,0.0989010989010989,0.133333333333333,0.3125,0.22,0.27083333333333304,0.0333333333333333,0.0,0.0326086956521739,0.136986301369863,0.130952380952381,0.11494252873563199,0.0535117056856187,0.0988593155893536,0.0900900900900901,0.0675182481751825,0.104060913705584,0.0709876543209877,0.121359223300971,0.0784313725490196,0.10852713178294598,0.076530612244898,0.0751445086705202,0.0,0.0,-1.0,-1.0,-1.0
45,Jeff Nelson,21.0,1966,2.0,8.0,7.0,4.0,3.0,8.0,1.0,0.0,0.0,0.0,1.0,0.0,n/a,1163,56,0.0481513327601032,557,107,0.19210053859964102,1720,163,0.0947674418604651,0.108108108108108,0.0923076923076923,0.109289617486339,0.09375,0.103626943005181,0.101941747572816,0.07772020725388601,0.0727272727272727,0.0843373493975904,-1.0,0.282608695652174,0.0909090909090909,0.147058823529412,0.0408163265306122,0.0,0.0298507462686567,0.15625,0.16,0.10465116279069801,0.0458333333333333,0.132947976878613,0.0736842105263158,0.10077519379844999,0.0939334637964775,0.100840336134454,0.137755102040816,0.0841584158415842,0.10958904109588999,0.11152416356877301,0.04907975460122701,0.0,0.0294117647058824,-1.0,-1.0,-1.0
35,Jeremie Rehak,1.0,1988,0.0,0.0,0.0,0.0,0.0,6.0,-1.0,1.0,-1.0,-1.0,1.0,-1.0,Baseball-Reference,1227,68,0.0554197229013855,595,88,0.147899159663866,1822,156,0.0856201975850713,0.11445783132530099,0.0691244239631336,0.110576923076923,0.0935960591133005,0.0645161290322581,0.0857142857142857,0.0913461538461538,0.065843621399177,0.0853658536585366,0.0952380952380952,0.22950819672131098,0.11363636363636401,0.28571428571428603,0.0294117647058824,0.0,0.0142857142857143,0.158730158730159,0.12195121951219501,0.125,0.0547445255474453,0.050761421319797,0.10062893081761001,0.0676855895196507,0.0906432748538012,0.0855018587360595,0.11904761904761901,0.0324675324675325,0.0748299319727891,0.111111111111111,0.0878378378378378,0.0476190476190476,0.0588235294117647,-1.0,0.0,-1.0
24,Jerry Layne,30.0,1958,4.0,10.0,5.0,2.0,1.0,4.0,1.0,0.0,1.0,2.0,0.0,0.0,n/a,445,26,0.0584269662921348,224,40,0.178571428571429,669,66,0.0986547085201794,0.0714285714285714,0.0909090909090909,0.10227272727272699,0.0631578947368421,0.132530120481928,0.0684931506849315,0.11940298507462699,0.166666666666667,0.0943396226415094,-1.0,0.375,0.444444444444444,0.23076923076923103,0.08,0.0,0.129032258064516,0.0384615384615385,0.0645161290322581,0.1,0.0337078651685393,0.12987012987013,0.12222222222222198,0.0788177339901478,0.11320754716981098,0.0803571428571429,0.12121212121212101,0.0512820512820513,0.18181818181818202,0.10752688172043,0.0666666666666667,0.0,0.0,-1.0,-1.0,-1.0
41,Jerry Meals,22.0,1961,2.0,7.0,2.0,1.0,0.0,6.0,0.0,1.0,1.0,5.0,0.0,0.0,n/a,1496,96,0.0641711229946524,778,133,0.17095115681233897,2274,229,0.100703605980651,0.0947867298578199,0.0894308943089431,0.11832061068702301,0.11372549019607801,0.0969162995594714,0.0900900900900901,0.10526315789473699,0.0823045267489712,0.11063829787233999,0.2,0.37681159420289895,0.130434782608696,0.418181818181818,0.0506329113924051,0.0,0.0119047619047619,0.119565217391304,0.0275229357798165,0.188034188034188,0.05864197530864199,0.0614035087719298,0.10776942355889699,0.0979381443298969,0.12200956937799001,0.0766550522648084,0.0725388601036269,0.0863636363636364,0.0979020979020979,0.12758620689655198,0.0616113744075829,0.0487804878048781,0.11320754716981098,-1.0,-1.0,-1.0
77,Jim Reynolds,19.5,1968,2.0,7.0,4.0,2.0,2.0,7.0,0.0,0.0,0.0,0.0,1.0,0.0,n/a,985,58,0.0588832487309645,490,81,0.16530612244898002,1475,139,0.0942372881355932,0.0542168674698795,0.0824175824175824,0.111111111111111,0.136690647482014,0.120805369127517,0.10179640718562899,0.10326086956521699,0.08743169398907101,0.0573770491803279,0.0666666666666667,0.232558139534884,0.14285714285714302,0.23684210526315802,0.0181818181818182,0.0,0.0491803278688525,0.145161290322581,0.136363636363636,0.214285714285714,0.08984375,0.0606060606060606,0.09923664122137402,0.0676923076923077,0.0814558058925477,0.12437810945273599,0.11702127659574499,0.0842105263157895,0.11458333333333301,0.11409395973154401,0.0694444444444444,0.075,0.0886075949367089,-1.0,-1.0,-1.0
21,Jim Wolf,17.0,1969,1.0,4.0,4.0,1.0,2.0,5.0,0.0,0.0,1.0,0.0,0.0,0.0,n/a,1412,67,0.0474504249291785,753,121,0.16069057104913698,2165,188,0.0868360277136259,0.0809716599190283,0.0808823529411765,0.0711111111111111,0.0739130434782609,0.10743801652892598,0.112970711297071,0.0720720720720721,0.0873015873015873,0.103658536585366,0.0909090909090909,0.162162162162162,0.115384615384615,0.18181818181818202,0.010752688172043001,0.0,0.0384615384615385,0.162790697674419,0.021505376344086002,0.24691358024691396,0.0796915167095116,0.0506912442396313,0.115151515151515,0.0773584905660377,0.100401606425703,0.0641399416909621,0.0935672514619883,0.0948275862068965,0.0866141732283465,0.0704225352112676,0.0865384615384615,0.0588235294117647,0.0666666666666667,-1.0,0.166666666666667,-1.0
22,Joe West,41.0,1952,3.0,8.0,10.0,6.0,2.0,5.0,0.0,1.0,1.0,0.0,1.0,0.0,n/a,1422,88,0.0618846694796062,704,128,0.18181818181818202,2126,216,0.10159924741298199,0.13302752293578002,0.0786026200873362,0.0825242718446602,0.0968992248062016,0.130434782608696,0.10245901639344301,0.102564102564103,0.127049180327869,0.0666666666666667,0.0491803278688525,0.30357142857142894,0.174603174603175,0.34782608695652195,0.0,0.0,0.0227272727272727,0.166666666666667,0.137254901960784,0.17,0.0561056105610561,0.10434782608695699,0.11267605633802802,0.0818815331010453,0.10748299319727901,0.0909090909090909,0.13181818181818197,0.103092783505155,0.0618556701030928,0.0979381443298969,0.1,0.0,0.12244897959183698,-1.0,-1.0,-1.0
84,John Libka,2.0,1987,0.0,0.0,0.0,0.0,0.0,0.0,1.0,1.0,-1.0,-1.0,1.0,0.0,wikipedia,377,11,0.0291777188328912,190,25,0.131578947368421,567,36,0.0634920634920635,0.0615384615384615,0.0963855421686747,0.0217391304347826,0.0632911392405063,0.0508474576271186,0.115384615384615,0.0612244897959184,0.028169014084507005,0.027027027027027,-1.0,0.125,0.0,0.5,0.0,0.0,0.0606060606060606,0.0,0.0454545454545455,0.0357142857142857,0.0379746835443038,0.0892857142857143,0.0970873786407767,0.0457516339869281,0.0611111111111111,0.06,0.072463768115942,0.027027027027027,0.0952380952380952,0.0810810810810811,0.0384615384615385,-1.0,0.0769230769230769,-1.0,-1.0,-1.0
74,John Tumpane,6.0,1983,0.0,1.0,0.0,0.0,1.0,7.0,1.0,0.0,1.0,0.0,0.0,0.0,n/a,992,50,0.0504032258064516,452,62,0.13716814159291998,1444,112,0.0775623268698061,0.0918367346938776,0.0853658536585366,0.108108108108108,0.0847457627118644,0.0402298850574713,0.0670391061452514,0.0666666666666667,0.0970149253731343,0.0738255033557047,0.0666666666666667,0.368421052631579,0.115384615384615,0.19444444444444395,0.0666666666666667,0.0,0.0307692307692308,0.0769230769230769,0.0819672131147541,0.164383561643836,0.0537190082644628,0.0578034682080925,0.0785123966942149,0.0576368876080692,0.08396946564885499,0.0443548387096774,0.0784313725490196,0.110236220472441,0.0943396226415094,0.105633802816901,0.0486111111111111,0.0,0.1,-1.0,-1.0,-1.0
71,Jordan Baker,6.5,1981,0.0,0.0,0.0,0.0,1.0,9.0,0.0,0.0,0.0,0.0,1.0,0.0,n/a,1308,64,0.0489296636085627,653,94,0.14395099540581902,1961,158,0.0805711371749108,0.0833333333333333,0.0818181818181818,0.0954545454545455,0.0663716814159292,0.0933333333333333,0.0594059405940594,0.0756302521008403,0.08,0.0914634146341463,-1.0,0.125,0.0980392156862745,0.24137931034482799,0.032967032967032996,0.0,0.0149253731343284,0.177215189873418,0.12121212121212101,0.115384615384615,0.0538922155688623,0.150684931506849,0.053125,0.0559139784946237,0.0817438692098093,0.0871080139372822,0.08743169398907101,0.0598290598290598,0.0652173913043478,0.125,0.055,0.0,0.0555555555555556,-1.0,-1.0,-1.0
44,Kerwin Danley,22.0,1983,2.0,7.0,1.0,1.0,0.0,5.0,1.0,0.0,0.0,0.0,1.0,0.0,n/a,1092,52,0.0476190476190476,585,115,0.19658119658119702,1677,167,0.09958258795468099,0.1,0.0829268292682927,0.0909090909090909,0.0824175824175824,0.126436781609195,0.0773809523809524,0.10396039603960401,0.0810810810810811,0.139072847682119,0.28571428571428603,0.19230769230769199,0.0,0.39534883720930203,0.0,0.0,0.0327868852459016,0.10769230769230802,0.0634920634920635,0.14285714285714302,0.130769230769231,0.111111111111111,0.128787878787879,0.0566037735849057,0.10550458715596302,0.102362204724409,0.130718954248366,0.0844444444444444,0.0747663551401869,0.136363636363636,0.0718562874251497,0.0,0.0625,-1.0,-1.0,-1.0
23,Lance Barksdale,15.0,1967,1.0,0.0,4.0,1.0,2.0,8.0,0.0,0.0,1.0,2.0,0.0,0.0,n/a,1109,58,0.0522993688007214,564,90,0.159574468085106,1673,148,0.0884638374178123,0.106060606060606,0.07446808510638299,0.0729166666666667,0.0893854748603352,0.0736842105263158,0.0894736842105263,0.11805555555555601,0.0882352941176471,0.0833333333333333,0.133333333333333,0.25641025641025605,0.08,0.266666666666667,0.0294117647058824,0.0,0.0921052631578947,0.123076923076923,0.0746268656716418,0.14457831325301201,0.0613026819923372,0.0566037735849057,0.130718954248366,0.0602409638554217,0.104529616724739,0.11186440677966099,0.087719298245614,0.0522875816993464,0.1375,0.065,0.0414201183431953,0.0645161290322581,0.0714285714285714,-1.0,0.0,-1.0
94,Lance Barrett,6.5,1984,0.0,0.0,0.0,0.0,0.0,11.0,0.0,0.0,1.0,2.0,0.0,0.0,n/a,1294,48,0.0370942812982998,628,128,0.20382165605095498,1922,176,0.0915712799167534,0.128571428571429,0.0912863070539419,0.0883534136546185,0.130434782608696,0.0931372549019608,0.0488888888888889,0.0743801652892562,0.0561797752808989,0.120481927710843,-1.0,0.224137931034483,0.0810810810810811,0.17391304347826098,0.0727272727272727,0.0,0.0375,0.123076923076923,0.038961038961039,0.0779220779220779,0.0471976401179941,0.0923076923076923,0.144736842105263,0.0932835820895522,0.10699588477366301,0.0524691358024691,0.0809248554913295,0.0663265306122449,0.0846153846153846,0.17307692307692302,0.0855614973262032,0.11428571428571402,0.11363636363636401,-1.0,-1.0,-1.0
27,Larry Vanover,26.0,1955,2.0,3.0,3.0,1.0,0.0,7.0,0.0,0.0,1.0,2.0,0.0,0.0,n/a,1208,73,0.0604304635761589,577,71,0.12305025996533801,1785,144,0.080672268907563,0.0769230769230769,0.0660377358490566,0.0509803921568627,0.0943396226415094,0.0717703349282297,0.147058823529412,0.0971428571428571,0.0635838150289017,0.0661157024793388,0.0,0.30909090909090897,0.10869565217391301,0.18181818181818202,0.0428571428571429,0.0,0.0375,0.262295081967213,0.07228915662650601,0.202702702702703,0.0688405797101449,0.0711297071129707,0.0839416058394161,0.0287769784172662,0.0761346998535871,0.0649350649350649,0.0942408376963351,0.0855263157894737,0.0581395348837209,0.12295081967213099,0.0855614973262032,0.0,0.10416666666666699,-1.0,-1.0,-1.0
63,Laz Diaz,20.0,1963,1.0,6.0,3.0,2.0,0.0,0.0,0.0,1.0,0.0,0.0,0.0,0.0,n/a,1199,71,0.0592160133444537,582,135,0.23195876288659803,1781,206,0.115665356541269,0.0954545454545455,0.137931034482759,0.0974358974358974,0.0904761904761905,0.13,0.12,0.149425287356322,0.0995024875621891,0.12403100775193801,0.166666666666667,0.25531914893617,0.166666666666667,0.28571428571428603,0.0175438596491228,0.0,0.0172413793103448,0.18181818181818202,0.11428571428571402,0.2125,0.0520446096654275,0.0857142857142857,0.16293929712460098,0.110403397027601,0.117455138662316,0.0985507246376812,0.100418410041841,0.100558659217877,0.192982456140351,0.149532710280374,0.0854700854700855,0.18421052631578896,0.0740740740740741,-1.0,0.5,-1.0
79,Manny Gonzalez,7.0,1979,0.0,1.0,0.0,0.0,1.0,7.0,0.0,1.0,1.0,1.0,1.0,0.0,n/a,1005,63,0.0626865671641791,468,59,0.12606837606837598,1473,122,0.0828241683638832,0.0782122905027933,0.10465116279069801,0.0804597701149425,0.062015503875969005,0.0779220779220779,0.0869565217391304,0.0848484848484849,0.0529100529100529,0.125984251968504,-1.0,0.25714285714285695,0.25531914893617,0.36363636363636404,0.0754716981132075,0.0,0.125,0.0222222222222222,0.0172413793103448,0.20512820512820498,0.0427350427350427,0.0790960451977401,0.0669642857142857,0.0546448087431694,0.0807899461400359,0.0752212389380531,0.148148148148148,0.0681818181818182,0.134615384615385,0.0854700854700855,0.0476190476190476,0.0,0.0540540540540541,-1.0,-1.0,-1.0
6,Mark Carlson,19.5,1969,2.0,4.0,3.0,1.0,1.0,6.0,0.0,1.0,1.0,2.0,1.0,0.0,n/a,1073,77,0.0717614165890028,494,84,0.17004048582996,1567,161,0.10274409700063801,0.10465116279069801,0.10377358490566001,0.12169312169312199,0.103658536585366,0.10465116279069801,0.0939226519337017,0.0884353741496599,0.10326086956521699,0.11009174311926599,0.0,0.25,0.075,0.27906976744186,0.0625,0.0,0.10869565217391301,0.14035087719298198,0.112903225806452,0.318840579710145,0.101626016260163,0.0594594594594595,0.11071428571428599,0.046070460704607005,0.112377850162866,0.0987654320987654,0.103448275862069,0.160493827160494,0.0813953488372093,0.11377245508982001,0.0479041916167665,0.133333333333333,0.102564102564103,-1.0,0.0,-1.0
90,Mark Ripperger,6.0,1980,0.0,0.0,0.0,0.0,0.0,7.0,0.0,0.0,0.0,0.0,0.0,0.0,n/a,1454,78,0.0536451169188446,661,101,0.152798789712557,2115,179,0.0846335697399527,0.0905172413793103,0.0881057268722467,0.0864197530864197,0.0779816513761468,0.10294117647058802,0.0521327014218009,0.0867924528301887,0.089622641509434,0.0921658986175115,0.0344827586206897,0.26,0.0980392156862745,0.29824561403508804,0.027027027027027,0.0,0.036144578313253004,0.11688311688311699,0.101449275362319,0.198198198198198,0.0598290598290598,0.062992125984252,0.10179640718562899,0.0557620817843866,0.0826901874310915,0.0746666666666667,0.119760479041916,0.0776255707762557,0.0909090909090909,0.0948275862068965,0.0621468926553672,0.25,0.111111111111111,-1.0,0.5,-1.0
14,Mark Wegner,20.0,1972,1.0,8.0,5.0,2.0,2.0,6.0,0.0,0.0,1.0,5.0,1.0,0.0,n/a,1255,87,0.0693227091633466,645,92,0.142635658914729,1900,179,0.0942105263157895,0.14285714285714302,0.06220095693779901,0.1,0.1,0.0736842105263158,0.0785123966942149,0.126923076923077,0.08,0.0714285714285714,-1.0,0.47619047619047605,0.0983606557377049,0.296296296296296,0.0649350649350649,0.0,0.051948051948052,0.168831168831169,0.144736842105263,0.136363636363636,0.0590277777777778,0.11167512690355301,0.05864197530864199,0.0753880266075388,0.10653409090909101,0.0673854447439353,0.0854700854700855,0.089622641509434,0.129310344827586,0.106060606060606,0.0833333333333333,0.0,0.075,0.0,-1.0,-1.0
60,Marty Foster,20.0,1963,2.0,3.0,0.0,0.0,0.0,7.0,0.0,0.0,1.0,0.0,0.0,0.0,n/a,1243,64,0.0514883346741754,658,115,0.174772036474164,1901,179,0.0941609679116255,0.0703517587939698,0.0894736842105263,0.10648148148148101,0.0969387755102041,0.058252427184465994,0.10502283105022801,0.108108108108108,0.0817307692307692,0.111801242236025,0.25,0.160714285714286,0.0851063829787234,0.203703703703704,0.0273972602739726,0.0,0.0549450549450549,0.11940298507462699,0.17142857142857096,0.128712871287129,0.08,0.10852713178294598,0.0871080139372822,0.0843881856540084,0.0974930362116992,0.0933852140077821,0.0588235294117647,0.0663265306122449,0.11428571428571402,0.16751269035532998,0.0707070707070707,0.0526315789473684,0.0273972602739726,-1.0,0.0,-1.0
51,Marvin Hudson,19.5,1964,1.0,6.0,1.0,1.0,0.0,8.0,0.0,0.0,1.0,2.0,1.0,0.0,n/a,1452,80,0.0550964187327824,712,121,0.16994382022471902,2164,201,0.0928835489833641,0.0846774193548387,0.10330578512396699,0.0950413223140496,0.0987124463519313,0.0754716981132075,0.111111111111111,0.0810810810810811,0.0989010989010989,0.083743842364532,0.111111111111111,0.262295081967213,0.23913043478260898,0.283018867924528,0.0163934426229508,0.0,0.0568181818181818,0.10869565217391301,0.0842105263157895,0.125,0.0527859237536657,0.0974576271186441,0.0909090909090909,0.0852173913043478,0.110070257611241,0.0716180371352785,0.08125,0.0857142857142857,0.10526315789473699,0.0886075949367089,0.0666666666666667,-1.0,0.112903225806452,-1.0,-1.0,-1.0
83,Mike Estabrook,7.0,1976,1.0,0.0,0.0,0.0,1.0,8.0,0.0,0.0,1.0,1.0,1.0,0.0,n/a,1351,53,0.0392301998519615,665,130,0.19548872180451102,2016,183,0.0907738095238095,0.0886075949367089,0.0848214285714286,0.0700934579439252,0.103448275862069,0.11734693877550999,0.0735294117647059,0.107142857142857,0.10212765957446801,0.0748663101604278,0.0740740740740741,0.195652173913043,0.06,0.14893617021276598,0.0,0.0,0.0147058823529412,0.125,0.13402061855670097,0.12820512820512803,0.0671140939597315,0.118110236220472,0.0698254364089776,0.10947368421052599,0.10942249240121601,0.0621761658031088,0.116751269035533,0.0943396226415094,0.0763358778625954,0.0588235294117647,0.102150537634409,0.0,0.14285714285714302,-1.0,-1.0,-1.0
57,Mike Everitt,20.0,1964,1.0,9.0,6.0,3.0,2.0,6.0,0.0,1.0,0.0,0.0,1.0,0.0,n/a,1372,75,0.05466472303207,714,115,0.16106442577030802,2086,190,0.0910834132310642,0.0876288659793814,0.112299465240642,0.1,0.0897435897435897,0.0848214285714286,0.0973451327433628,0.0707964601769911,0.0606060606060606,0.11518324607329801,0.0833333333333333,0.280701754385965,0.164179104477612,0.29032258064516103,0.0757575757575758,0.0,0.0235294117647059,0.120481927710843,0.0895522388059701,0.0693069306930693,0.0344827586206897,0.0843881856540084,0.0917159763313609,0.0987202925045704,0.099273607748184,0.0754189944134078,0.118811881188119,0.0882352941176471,0.0561797752808989,0.0849673202614379,0.08673469387755099,0.0967741935483871,0.0,-1.0,1.0,-1.0
76,Mike Muchlinski,7.0,1977,1.0,1.0,0.0,0.0,0.0,6.0,0.0,0.0,1.0,4.0,1.0,0.0,n/a,1161,59,0.0508182601205857,533,79,0.148217636022514,1694,138,0.0814639905548996,0.083743842364532,0.0927835051546392,0.0837696335078534,0.0602409638554217,0.0898876404494382,0.0596026490066225,0.0918367346938776,0.0880829015544041,0.0736196319018405,0.125,0.29166666666666696,0.12820512820512803,0.206896551724138,0.0,0.0,0.0555555555555556,0.0909090909090909,0.115384615384615,0.19277108433734902,0.0469314079422383,0.0869565217391304,0.0779661016949153,0.0635294117647059,0.0799418604651163,0.0891089108910891,0.0529100529100529,0.0862068965517241,0.0579710144927536,0.12345679012345698,0.095,0.0,0.12,-1.0,-1.0,-1.0
33,Mike Winters,29.0,1958,4.0,11.0,6.0,4.0,3.0,4.0,0.0,1.0,1.0,2.0,1.0,0.0,n/a,1199,83,0.0692243536280234,578,101,0.174740484429066,1777,184,0.103545301069218,0.115384615384615,0.11162790697674402,0.113300492610837,0.106796116504854,0.11304347826087,0.10628019323671499,0.0560747663551402,0.10526315789473699,0.105882352941176,-1.0,0.32142857142857106,0.25,0.229166666666667,0.0757575757575758,0.0,0.0597014925373134,0.178082191780822,0.111111111111111,0.149425287356322,0.029520295202952004,0.12875536480686697,0.0654545454545455,0.10273972602739699,0.11650485436893199,0.0877862595419847,0.11827956989247301,0.10638297872340399,0.0823529411764706,0.14136125654450302,0.0473372781065089,0.0,0.0754716981132075,-1.0,-1.0,-1.0
59,Nic Lentz,3.0,1989,1.0,0.0,0.0,0.0,0.0,-1.0,-1.0,-1.0,-1.0,-1.0,-1.0,-1.0,wikipedia,1483,72,0.0485502360080917,700,97,0.138571428571429,2183,169,0.0774163994502978,0.0851851851851852,0.0599250936329588,0.0864197530864197,0.0877862595419847,0.0694444444444444,0.0627306273062731,0.0950226244343891,0.0653846153846154,0.09248554913294801,-1.0,0.25,0.0847457627118644,0.22,0.0,0.0,0.0481927710843374,0.137254901960784,0.0808080808080808,0.15294117647058803,0.046070460704607005,0.069204152249135,0.081151832460733,0.06196581196581201,0.090689238210399,0.0599455040871935,0.0677966101694915,0.0815217391304348,0.031496062992126,0.116959064327485,0.0694444444444444,0.0285714285714286,0.05,-1.0,-1.0,-1.0
48,Nick Mahrley,2.0,1982,-1.0,-1.0,-1.0,-1.0,-1.0,-1.0,-1.0,-1.0,-1.0,-1.0,-1.0,-1.0,Baseball-Reference/Baseball cube,390,17,0.0435897435897436,203,35,0.172413793103448,593,52,0.0876897133220911,0.0769230769230769,0.09375,0.11428571428571402,0.11940298507462699,0.0943396226415094,0.0933333333333333,0.0657894736842105,0.0714285714285714,0.05,-1.0,0.125,0.0909090909090909,0.33333333333333304,0.0769230769230769,0.0,0.0384615384615385,0.115384615384615,0.0434782608695652,0.130434782608696,0.0555555555555556,0.103448275862069,0.15625,0.0547945205479452,0.10077519379844999,0.0818181818181818,0.0714285714285714,0.0476190476190476,0.0625,0.130434782608696,0.0666666666666667,-1.0,0.14285714285714302,-1.0,-1.0,-1.0
31,Pat Hoberg,4.0,1986,0.0,0.0,0.0,0.0,0.0,9.0,0.0,0.0,0.0,0.0,0.0,0.0,n/a,1159,52,0.0448662640207075,591,71,0.120135363790186,1750,123,0.0702857142857143,0.0864197530864197,0.0887573964497041,0.0842696629213483,0.0568720379146919,0.0670391061452514,0.0662650602409639,0.0537634408602151,0.0786026200873362,0.0467836257309941,0.0555555555555556,0.25531914893617,0.137254901960784,0.14893617021276598,0.0298507462686567,0.0,0.0158730158730159,0.0898876404494382,0.102564102564103,0.0933333333333333,0.040590405904059,0.0969387755102041,0.0427631578947368,0.0687960687960688,0.0755555555555556,0.0608108108108108,0.0446428571428571,0.0628571428571429,0.0879120879120879,0.10752688172043,0.0484848484848485,0.0,0.08,0.0,0.0,-1.0
50,Paul Emmel,19.5,1968,2.0,9.0,3.0,1.0,2.0,6.0,1.0,0.0,1.0,2.0,1.0,0.0,n/a,1452,99,0.0681818181818182,690,113,0.16376811594202897,2142,212,0.0989729225023343,0.0871559633027523,0.0949152542372881,0.10546875,0.0983606557377049,0.116379310344828,0.10743801652892598,0.0942622950819672,0.0912863070539419,0.0941176470588235,-1.0,0.3666666666666671,0.137931034482759,0.27450980392156893,0.0285714285714286,0.0,0.051948051948052,0.10752688172043,0.128712871287129,0.26804123711340194,0.0714285714285714,0.0807174887892377,0.0952380952380952,0.0683012259194396,0.127475247524752,0.0748663101604278,0.12252964426877498,0.0683760683760684,0.094017094017094,0.0769230769230769,0.0414201183431953,0.0666666666666667,0.12820512820512803,-1.0,0.0,-1.0
39,Paul Nauert,18.5,1963,1.0,6.0,1.0,1.0,0.0,5.0,1.0,1.0,1.0,4.0,1.0,0.0,n/a,1139,79,0.0693590869183494,574,113,0.196864111498258,1713,192,0.112084063047285,0.101449275362319,0.0898203592814371,0.132075471698113,0.11235955056179801,0.11891891891891901,0.12280701754386,0.12037037037037,0.08,0.103448275862069,0.153846153846154,0.24074074074074103,0.24324324324324303,0.375,0.0,0.0,0.0704225352112676,0.111111111111111,0.0933333333333333,0.25641025641025605,0.102990033222591,0.0533333333333333,0.155172413793103,0.0671296296296296,0.138508371385084,0.0679611650485437,0.120481927710843,0.0845070422535211,0.14876033057851198,0.137254901960784,0.0797101449275362,0.0882352941176471,0.0454545454545455,-1.0,-1.0,-1.0
10,Phil Cuzzi,20.0,1955,1.0,7.0,2.0,1.0,2.0,9.0,0.0,0.0,1.0,0.0,0.0,0.0,n/a,1264,59,0.0466772151898734,696,117,0.168103448275862,1960,176,0.0897959183673469,0.0718232044198895,0.0901287553648069,0.0717299578059072,0.10447761194029902,0.0888888888888889,0.10294117647058802,0.11162790697674402,0.0692640692640693,0.0940594059405941,0.157894736842105,0.193548387096774,0.0862068965517241,0.23529411764705901,0.0506329113924051,0.0,0.0447761194029851,0.0864197530864197,0.0422535211267606,0.12037037037037,0.0555555555555556,0.11557788944723599,0.0947712418300654,0.0926275992438563,0.0963687150837989,0.0493506493506494,0.135746606334842,0.11965811965812,0.0808080808080808,0.128378378378378,0.0192307692307692,0.162162162162162,0.24137931034482799,-1.0,-1.0,-1.0
81,Quinn Wolcott,5.5,1986,0.0,1.0,0.0,0.0,1.0,9.0,0.0,1.0,1.0,0.0,0.0,0.0,n/a,1379,61,0.0442349528643945,696,132,0.18965517241379298,2075,193,0.0930120481927711,0.0772200772200772,0.0901639344262295,0.0925925925925926,0.110169491525424,0.0995670995670996,0.0738916256157636,0.0991379310344828,0.106194690265487,0.0903225806451613,0.0714285714285714,0.23728813559321998,0.08,0.25925925925925897,0.0128205128205128,0.0,0.0126582278481013,0.123076923076923,0.051948051948052,0.15151515151515196,0.0736543909348442,0.125628140703518,0.11859838274932599,0.0702087286527514,0.103351955307263,0.0906921241050119,0.0796019900497512,0.0903225806451613,0.0619469026548673,0.0849056603773585,0.11055276381909501,0.0606060606060606,0.0740740740740741,-1.0,-1.0,-1.0
18,Ramon De Jesus,3.0,1983,0.0,0.0,0.0,0.0,0.0,2.0,-1.0,-1.0,-1.0,-1.0,-1.0,-1.0,wikipedia/MLB news,1214,66,0.0543657331136738,634,99,0.15615141955835998,1848,165,0.0892857142857143,0.0961538461538462,0.0929203539823009,0.110576923076923,0.11162790697674402,0.054726368159204,0.0632183908045977,0.0852017937219731,0.0985221674876847,0.0842105263157895,-1.0,0.222222222222222,0.145833333333333,0.263157894736842,0.0140845070422535,0.0,0.12,0.134146341463415,0.0449438202247191,0.14457831325301201,0.0586319218241042,0.0666666666666667,0.110429447852761,0.0767326732673267,0.0995850622406639,0.10801393728223,0.10849056603773599,0.0729166666666667,0.0555555555555556,0.0357142857142857,0.0470588235294118,0.0625,0.0784313725490196,-1.0,0.6,-1.0
30,Rob Drake,11.0,1969,1.0,4.0,3.0,0.0,2.0,5.0,0.0,0.0,1.0,2.0,0.0,0.0,n/a,1067,57,0.0534208059981256,549,109,0.198542805100182,1616,166,0.10272277227722801,0.11013215859030802,0.0899470899470899,0.14213197969543098,0.11728395061728399,0.0862944162436548,0.0958083832335329,0.0987654320987654,0.102564102564103,0.0923076923076923,0.0,0.23913043478260898,0.166666666666667,0.33333333333333304,0.0,0.0,0.0571428571428571,0.111111111111111,0.0350877192982456,0.164179104477612,0.0817843866171004,0.0952380952380952,0.174603174603175,0.0611246943765281,0.11838006230529599,0.0784313725490196,0.13861386138613901,0.0942028985507246,0.140625,0.0904255319148936,0.0642857142857143,0.0476190476190476,0.114754098360656,-1.0,0.0,-1.0
40,Roberto Ortiz,3.0,1984,0.0,0.0,2.0,0.0,0.0,3.0,0.0,1.0,-1.0,-1.0,-1.0,-1.0,lavidabaseball,853,56,0.0656506447831184,412,64,0.155339805825243,1265,120,0.0948616600790514,0.0993377483443709,0.0802919708029197,0.10483870967741901,0.139344262295082,0.0814814814814815,0.11278195488721801,0.0838709677419355,0.10526315789473699,0.0673076923076923,0.0833333333333333,0.162162162162162,0.14285714285714302,0.264705882352941,0.0227272727272727,0.0,0.0652173913043478,0.294117647058824,0.0784313725490196,0.196969696969697,0.0812182741116751,0.0952380952380952,0.0934065934065934,0.0477707006369427,0.0954653937947494,0.105769230769231,0.0986842105263158,0.0967741935483871,0.133928571428571,0.0740740740740741,0.046875,0.133333333333333,0.0769230769230769,-1.0,-1.0,-1.0
46,Ron Kulpa,20.0,1968,2.0,10.0,3.0,1.0,0.0,6.0,0.0,1.0,0.0,1.0,1.0,0.0,n/a,1128,66,0.0585106382978723,582,104,0.17869415807560102,1710,170,0.0994152046783626,0.151041666666667,0.0446428571428571,0.114754098360656,0.1,0.099009900990099,0.0714285714285714,0.107317073170732,0.121546961325967,0.1,0.0689655172413793,0.326530612244898,0.0952380952380952,0.292682926829268,0.0886075949367089,0.0,0.0133333333333333,0.11940298507462699,0.0357142857142857,0.216216216216216,0.0546075085324232,0.0847457627118644,0.12371134020618599,0.09135802469135801,0.10699001426533501,0.104918032786885,0.128,0.0909090909090909,0.12727272727272698,0.0948275862068965,0.0575539568345324,0.0,0.0526315789473684,-1.0,0.1,-1.0
67,Ryan Additon,2.0,1985,0.0,0.0,0.0,0.0,0.0,-1.0,-1.0,1.0,-1.0,-1.0,-1.0,-1.0,Baseball cube,688,34,0.0494186046511628,365,66,0.18082191780821902,1053,100,0.0949667616334283,0.0973451327433628,0.10869565217391301,0.0941176470588235,0.0975609756097561,0.0842105263157895,0.0919540229885057,0.0898876404494382,0.0636363636363636,0.146341463414634,0.12820512820512803,0.18181818181818202,0.0434782608695652,0.258064516129032,0.0344827586206897,0.0,0.027027027027027,0.0526315789473684,0.0714285714285714,0.211538461538462,0.0869565217391304,0.0693069306930693,0.135416666666667,0.0699588477366255,0.11568123393316199,0.0463917525773196,0.10526315789473699,0.0697674418604651,0.0769230769230769,0.18181818181818202,0.0810810810810811,0.0,0.15909090909090898,-1.0,-1.0,-1.0
36,Ryan Blakney,4.0,1985,0.0,0.0,0.0,0.0,0.0,-1.0,-1.0,-1.0,-1.0,-1.0,-1.0,-1.0,wikipedia,687,25,0.0363901018922853,379,78,0.205804749340369,1066,103,0.0966228893058161,0.0631578947368421,0.0916666666666667,0.0578512396694215,0.14925373134328399,0.111111111111111,0.0763888888888889,0.10743801652892598,0.12068965517241399,0.075,-1.0,0.16,0.125,0.0416666666666667,0.0333333333333333,0.0,0.0285714285714286,0.0625,0.115384615384615,0.11320754716981098,0.0738636363636364,0.106796116504854,0.152439024390244,0.0976430976430976,0.108843537414966,0.107317073170732,0.0714285714285714,0.0694444444444444,0.10416666666666699,0.10769230769230802,0.0865384615384615,0.0,0.0384615384615385,-1.0,-1.0,-1.0
34,Sam Holbrook,18.5,1965,1.0,5.0,4.0,2.0,1.0,6.0,0.0,0.0,1.0,2.0,1.0,1.0,n/a,1271,72,0.0566483084185681,602,111,0.18438538205980104,1873,183,0.0977042178323545,0.12280701754386,0.10126582278480999,0.096234309623431,0.11055276381909501,0.0778443113772455,0.112068965517241,0.0656565656565657,0.100418410041841,0.0746268656716418,-1.0,0.262295081967213,0.175,0.17391304347826098,0.0,0.0,0.0428571428571429,0.175438596491228,0.121621621621622,0.22352941176470603,0.0978260869565217,0.0694444444444444,0.0950920245398773,0.0772357723577236,0.110169491525424,0.0829875518672199,0.075,0.0884955752212389,0.125,0.0769230769230769,0.08878504672897199,0.25,0.0714285714285714,0.0,0.0,-1.0
87,Scott Barry,10.0,1976,1.0,2.0,1.0,0.0,0.0,7.0,0.0,0.0,1.0,2.0,1.0,0.0,n/a,829,60,0.0723763570566948,383,61,0.15926892950391597,1212,121,0.0998349834983498,0.0882352941176471,0.12781954887217997,0.101449275362319,0.0677966101694915,0.072463768115942,0.09448818897637801,0.11678832116788301,0.108333333333333,0.107142857142857,0.125,0.33333333333333304,0.23529411764705901,0.25925925925925897,0.0,0.0,0.0188679245283019,0.19047619047619,0.175438596491228,0.266666666666667,0.0673575129533679,0.124183006535948,0.07,0.0528169014084507,0.114967462039046,0.0829694323144105,0.14423076923076902,0.0588235294117647,0.0588235294117647,0.164179104477612,0.0746268656716418,0.0833333333333333,0.0555555555555556,-1.0,-1.0,-1.0
29,Sean Barber,5.0,1985,0.0,0.0,0.0,0.0,0.0,6.0,-1.0,-1.0,-1.0,-1.0,-1.0,-1.0,Baseball-Reference,1189,52,0.0437342304457527,586,94,0.160409556313993,1775,146,0.0822535211267606,0.110576923076923,0.0820512820512821,0.0824175824175824,0.0721649484536082,0.0833333333333333,0.0994475138121547,0.0599078341013825,0.0580357142857143,0.10273972602739699,0.0833333333333333,0.169491525423729,0.0540540540540541,0.169811320754717,0.0163934426229508,0.0,0.046875,0.107142857142857,0.0945945945945946,0.177215189873418,0.0786516853932584,0.0904761904761905,0.0911949685534591,0.0573394495412844,0.0910384068278805,0.0898203592814371,0.0818181818181818,0.0546875,0.0827067669172932,0.0844155844155844,0.0405405405405405,0.0909090909090909,0.0588235294117647,-1.0,0.25,-1.0
85,Stu Scheurwater,3.0,1983,0.0,0.0,0.0,0.0,0.0,1.0,-1.0,-1.0,-1.0,-1.0,-1.0,-1.0,wikipedia,1110,62,0.0558558558558559,543,74,0.136279926335175,1653,136,0.0822746521476104,0.0736842105263158,0.0918367346938776,0.0988372093023256,0.0748663101604278,0.0569948186528497,0.0777777777777778,0.108433734939759,0.0765027322404372,0.0860215053763441,-1.0,0.18604651162790697,0.2,0.175,0.0350877192982456,0.0,0.1375,0.10447761194029902,0.0985915492957746,0.151898734177215,0.0347490347490347,0.0931372549019608,0.08800000000000001,0.058679706601467,0.0987654320987654,0.056140350877193,0.0782608695652174,0.0551181102362205,0.0792079207920792,0.13013698630137,0.0540540540540541,0.0,0.032258064516129,-1.0,0.0,0.2
65,Ted Barrett,22.0,1965,2.0,10.0,8.0,4.0,4.0,6.0,0.0,1.0,1.0,3.0,1.0,-1.0,n/a,1109,58,0.0522993688007214,614,137,0.223127035830619,1723,195,0.113174695298897,0.10204081632653099,0.130044843049327,0.11214953271027998,0.13930348258706501,0.11842105263157901,0.13375796178343902,0.0880503144654088,0.0780487804878049,0.11428571428571402,-1.0,0.20512820512820498,0.0769230769230769,0.23809523809523803,0.0161290322580645,0.0142857142857143,0.0350877192982456,0.128571428571429,0.14864864864864902,0.158536585365854,0.118367346938776,0.0847457627118644,0.137931034482759,0.10765550239234499,0.13937282229965198,0.0891472868217054,0.105691056910569,0.0986547085201794,0.0882352941176471,0.12962962962963,0.0903614457831325,0.125,0.0,0.0,0.33333333333333304,-1.0
95,Tim Timmons,19.5,1967,1.0,3.0,3.0,1.0,1.0,5.0,1.0,0.0,1.0,3.0,1.0,0.0,n/a,1212,79,0.0651815181518152,612,107,0.17483660130718998,1824,186,0.101973684210526,0.0995670995670996,0.161137440758294,0.0698924731182796,0.112903225806452,0.0952380952380952,0.07655502392344501,0.126126126126126,0.1,0.0604026845637584,-1.0,0.21052631578947398,0.10416666666666699,0.232558139534884,0.0166666666666667,0.0,0.116279069767442,0.19178082191780801,0.141176470588235,0.197368421052632,0.0707395498392283,0.0772946859903382,0.13166144200627,0.0669975186104218,0.10140845070422501,0.0971223021582734,0.146666666666667,0.0806451612903226,0.0952380952380952,0.15337423312883403,0.0595238095238095,0.0,0.10447761194029902,-1.0,-1.0,-1.0
13,Todd Tichenor,9.0,1976,1.0,3.0,1.0,0.0,1.0,4.0,0.0,0.0,1.0,3.0,0.0,0.0,n/a,1258,62,0.0492845786963434,615,97,0.157723577235772,1873,159,0.0848905499199146,0.126696832579186,0.087378640776699,0.0531400966183575,0.0531400966183575,0.107476635514019,0.0943396226415094,0.0969387755102041,0.0528455284552846,0.0975609756097561,-1.0,0.14545454545454503,0.138888888888889,0.216216216216216,0.0410958904109589,0.0,0.0144927536231884,0.23188405797101397,0.10526315789473699,0.14285714285714302,0.0652920962199313,0.062780269058296,0.0676923076923077,0.09251101321585901,0.117732558139535,0.0637755102040816,0.0918918918918919,0.0629370629370629,0.072463768115942,0.0476190476190476,0.0485436893203883,0.0,0.108108108108108,-1.0,-1.0,0.25
20,Tom Hallion,26.0,1956,2.0,7.0,5.0,1.0,0.0,6.0,0.0,0.0,1.0,3.0,1.0,0.0,n/a,795,46,0.0578616352201258,383,73,0.19060052219321102,1178,119,0.101018675721562,0.082089552238806,0.11940298507462699,0.1,0.0833333333333333,0.0875,0.10743801652892598,0.0932203389830508,0.108333333333333,0.147368421052632,-1.0,0.307692307692308,0.0588235294117647,0.29166666666666696,0.0425531914893617,0.0,0.0681818181818182,0.147058823529412,0.0769230769230769,0.272727272727273,0.0769230769230769,0.112903225806452,0.149700598802395,0.0557275541795666,0.11264367816092,0.0943396226415094,0.11965811965812,0.0980392156862745,0.0212765957446809,0.0882352941176471,0.0808823529411765,0.2,0.18181818181818202,-1.0,-1.0,-1.0
75,Tom Woodring,5.0,1982,-1.0,-1.0,-1.0,-1.0,-1.0,-1.0,-1.0,-1.0,-1.0,-1.0,-1.0,-1.0,Baseball cube,201,8,0.0398009950248756,89,12,0.134831460674157,290,20,0.0689655172413793,0.0217391304347826,0.0512820512820513,0.0909090909090909,0.0384615384615385,0.08,0.107142857142857,0.0810810810810811,0.0454545454545455,0.17391304347826098,-1.0,0.0,0.4,0.0,0.0,0.0,0.0,0.0,0.125,0.166666666666667,0.0377358490566038,0.0454545454545455,0.109375,0.0303030303030303,0.0491803278688525,0.0925925925925926,0.0333333333333333,0.2,0.0,0.0434782608695652,0.0909090909090909,-1.0,0.0,-1.0,1.0,-1.0
11,Tony Randazzo,19.5,1965,2.0,7.0,2.0,1.0,0.0,6.0,0.0,0.0,1.0,3.0,1.0,0.0,n/a,660,39,0.0590909090909091,348,57,0.163793103448276,1008,96,0.0952380952380952,0.079646017699115,0.1,0.0824742268041237,0.0619469026548673,0.0909090909090909,0.12295081967213099,0.12244897959183698,0.0720720720720721,0.144329896907216,0.037037037037037,0.269230769230769,0.09375,0.28,0.0454545454545455,0.0,0.0465116279069767,0.138888888888889,0.13953488372093,0.12068965517241399,0.0606060606060606,0.0673076923076923,0.08724832214765099,0.103846153846154,0.10071942446043199,0.0476190476190476,0.0695652173913043,0.138297872340426,0.131578947368421,0.196428571428571,0.0752688172043011,0.153846153846154,0.0,-1.0,-1.0,-1.0
73,Tripp Gibson,5.5,1981,0.0,0.0,0.0,0.0,1.0,11.0,0.0,0.0,1.0,2.0,1.0,0.0,n/a,1283,56,0.0436477007014809,649,112,0.17257318952234196,1932,168,0.0869565217391304,0.11711711711711699,0.0730593607305936,0.0566801619433198,0.0882352941176471,0.0679611650485437,0.11891891891891901,0.0841121495327103,0.0930232558139535,0.0909090909090909,-1.0,0.163934426229508,0.0930232558139535,0.17647058823529396,0.0461538461538462,0.0,0.0128205128205128,0.078125,0.132530120481928,0.147727272727273,0.0650406504065041,0.0546448087431694,0.11746031746031697,0.086864406779661,0.101231190150479,0.0608365019011407,0.0930232558139535,0.050561797752809,0.0598290598290598,0.12440191387559801,0.0628019323671498,0.0833333333333333,0.121621621621622,-1.0,-1.0,-1.0
19,Vic Carapazza,8.0,1979,1.0,4.0,0.0,10.0,0.0,10.0,1.0,1.0,1.0,4.0,0.0,0.0,n/a,995,47,0.0472361809045226,482,82,0.170124481327801,1477,129,0.0873392010832769,0.0819672131147541,0.0441176470588235,0.12195121951219501,0.0848484848484849,0.106060606060606,0.0529411764705882,0.09316770186335399,0.11612903225806501,0.12,0.0491803278688525,0.19444444444444395,0.25,0.216216216216216,0.0204081632653061,0.0,0.0192307692307692,0.12727272727272698,0.0454545454545455,0.15151515151515196,0.100418410041841,0.0641025641025641,0.07228915662650601,0.07772020725388601,0.0780911062906725,0.0833333333333333,0.096969696969697,0.0655737704918033,0.0896551724137931,0.10322580645161301,0.0928571428571429,0.166666666666667,0.161290322580645,-1.0,-1.0,-1.0
93,Will Little,5.5,1984,0.0,1.0,0.0,0.0,1.0,11.0,0.0,0.0,1.0,1.0,1.0,0.0,n/a,1206,40,0.033167495854063,628,87,0.138535031847134,1834,127,0.069247546346783,0.0607476635514019,0.0575221238938053,0.10769230769230802,0.0641711229946524,0.0838323353293413,0.0684931506849315,0.0555555555555556,0.0735930735930736,0.0410958904109589,0.12121212121212101,0.185185185185185,0.0930232558139535,0.11940298507462699,0.0405405405405405,0.0,0.05,0.0447761194029851,0.0491803278688525,0.078125,0.0555555555555556,0.0630630630630631,0.0759878419452888,0.0772946859903382,0.0818619582664527,0.059016393442623,0.10273972602739699,0.0588235294117647,0.0579710144927536,0.0942028985507246,0.0358974358974359,0.0,0.0384615384615385,-1.0,0.0,-1.0
